"ID";"EducationSectors";"Periods";"OperatingIncome_1";"GrantsFromTheState_2";"OtherGovernmentalGrants_3";"TuitionAndExamFees_4";"IncomeFromContractsWithThirdParties_5";"OtherIncome_6";"OperatingCosts_7";"PersonnelCosts_8";"Depreciation_9";"HousingCosts_10";"TotalOtherCosts_11";"AdministrativeCosts_12";"InventoryMaterialAndTeachingAid_13";"Other_14";"OperatingResult1_15";"NetFinancialCosts2_16";"SpecialEntries3_17";"Result123_18";"TotalAssets_19";"TotalFixedAssets_20";"NonFinancialIntangibleFixedAssets_21";"TotalNonFinancialTangibleFixedAs_22";"BuildingsAndLand_23";"InventoryAndEquipment_24";"OtherNonFinancialTangibleFixedAs_25";"FinancialFixedAssets_26";"TotalCurrentAssets_27";"Inventory_28";"Receivables_29";"ShortTermSecurities_30";"LiquidAssets_31";"TotalLiabilitiesAndEquity_32";"Equity_33";"Provisions_34";"LongTermDebt_35";"ShortTermDebt_36";"TotalInvestmentsGross_37";"InvestmentsGrossBuildingsAndLand_38";"InvestmentsGrossInventoryAndEq_39";"SolvencyRatio_40";"CurrentRatio_41";"ProfitMargin_42";"ResilienceRatio_43";"CapitalizationFactor_44"
"0";"A048580";"1998JJ00";"       .";"       .";"       .";"       .";"       .";"       .";"       .";"       .";"       .";"       .";"       .";"       .";"       .";"";"       .";"       .";"       .";"       .";"       .";"       .";"       .";"       .";"       .";"       .";"       .";"       .";"       .";"       .";"       .";"       .";"       .";"       .";"       .";"       .";"       .";"       .";"       .";"       .";"       .";"       .";"       .";"       .";"       .";"       ."
"1";"A048580";"1999JJ00";"       .";"       .";"       .";"       .";"       .";"       .";"       .";"       .";"       .";"       .";"       .";"       .";"       .";"       .";"       .";"       .";"       .";"       .";"       .";"       .";"       .";"       .";"       .";"       .";"       .";"       .";"       .";"       .";"       .";"       .";"       .";"       .";"       .";"       .";"       .";"       .";"       .";"       .";"       .";"       .";"       .";"       .";"       .";"       ."
"2";"A048580";"2000JJ00";"       .";"       .";"       .";"       .";"       .";"       .";"       .";"       .";"       .";"       .";"       .";"       .";"       .";"       .";"       .";"       .";"       .";"       .";"       .";"       .";"       .";"       .";"       .";"       .";"       .";"       .";"       .";"       .";"       .";"       .";"       .";"       .";"       .";"       .";"       .";"       .";"       .";"       .";"       .";"       .";"       .";"       .";"       .";"       ."
"3";"A048580";"2001JJ00";"       .";"       .";"       .";"       .";"       .";"       .";"       .";"       .";"       .";"       .";"       .";"       .";"       .";"       .";"       .";"       .";"       .";"       .";"       .";"       .";"       .";"       .";"       .";"       .";"       .";"       .";"       .";"       .";"       .";"       .";"       .";"       .";"       .";"       .";"       .";"       .";"       .";"       .";"       .";"       .";"       .";"       .";"       .";"       ."
"4";"A048580";"2002JJ00";"       .";"       .";"       .";"       .";"       .";"       .";"       .";"       .";"       .";"       .";"       .";"       .";"       .";"       .";"       .";"       .";"       .";"       .";"       .";"       .";"       .";"       .";"       .";"       .";"       .";"       .";"       .";"       .";"       .";"       .";"       .";"       .";"       .";"       .";"       .";"       .";"       .";"       .";"       .";"       .";"       .";"       .";"       .";"       ."
"5";"A048580";"2003JJ00";"       .";"       .";"       .";"       .";"       .";"       .";"       .";"       .";"       .";"       .";"       .";"       .";"       .";"       .";"       .";"       .";"       .";"       .";"       .";"       .";"       .";"       .";"       .";"       .";"       .";"       .";"       .";"       .";"       .";"       .";"       .";"       .";"       .";"       .";"       .";"       .";"       .";"       .";"       .";"       .";"       .";"       .";"       .";"       ."
"6";"A048580";"2004JJ00";"       .";"       .";"       .";"       .";"       .";"       .";"       .";"       .";"       .";"       .";"       .";"       .";"       .";"       .";"       .";"       .";"       .";"       .";"       .";"       .";"       .";"       .";"       .";"       .";"       .";"       .";"       .";"       .";"       .";"       .";"       .";"       .";"       .";"       .";"       .";"       .";"       .";"       .";"       .";"       .";"       .";"       .";"       .";"       ."
"7";"A048580";"2005JJ00";"       .";"       .";"       .";"       .";"       .";"       .";"       .";"       .";"       .";"       .";"       .";"       .";"       .";"       .";"       .";"       .";"       .";"       .";"       .";"       .";"       .";"       .";"       .";"       .";"       .";"       .";"       .";"       .";"       .";"       .";"       .";"       .";"       .";"       .";"       .";"       .";"       .";"       .";"       .";"       .";"       .";"       .";"       .";"       ."
"8";"A048580";"2006JJ00";" 25847.0";" 21084.5";"   865.2";"   884.8";"  1384.6";"  1627.9";" 25373.3";" 18966.5";"   998.8";"  1809.7";"  3598.2";"       .";"       .";"       .";"   473.6";"    86.9";"    -8.0";"   552.4";" 18991.5";" 11480.1";"    11.2";" 10094.2";"  6779.1";"  1971.5";"  1343.5";"  1374.8";"  7511.5";"    71.0";"  2558.9";"   124.6";"  4757.1";" 18991.5";"  9578.8";"  2395.8";"  1832.3";"  5184.6";"  2090.2";"  1320.8";"   769.4";"    50.4";"   144.9";"     2.1";"    -2.4";"    47.2"
"9";"A048580";"2007JJ00";" 27232.7";" 22187.0";"   712.6";"   925.7";"  1531.8";"  1875.6";" 26890.7";" 20062.5";"  1040.1";"  1911.4";"  3876.7";"       .";"       .";"       .";"   341.9";"   127.2";"    23.3";"   492.4";" 20136.9";" 12353.3";"    13.3";" 10999.2";"  7382.4";"  2167.3";"  1449.5";"  1340.8";"  7783.5";"    83.4";"  2577.0";"   134.8";"  4988.2";" 20136.9";" 10056.8";"  2521.5";"  1936.3";"  5622.2";"  2363.2";"  1570.8";"   792.3";"    49.9";"   138.4";"     1.8";"    -4.2";"    46.8"
"10";"A048580";"2008JJ00";" 28890.2";" 23277.9";"   786.7";"   977.6";"  1751.8";"  2096.2";" 28707.4";" 21481.3";"  1169.8";"  1939.7";"  4116.6";"   952.4";"  1053.2";"  2111.1";"   182.8";"    91.1";"   -18.9";"   255.1";" 21275.8";" 13147.0";"    24.5";" 11934.2";"  8306.2";"  2382.7";"  1245.4";"  1188.4";"  8128.8";"    41.0";"  2872.8";"   191.9";"  5023.0";" 21275.8";" 10082.5";"  2482.7";"  2394.9";"  6315.8";"  2585.6";"  1766.9";"   818.7";"    47.4";"   128.7";"     0.9";"    -8.0";"    44.9"
"11";"A048580";"2009JJ00";" 30591.6";" 24818.0";"   846.1";"  1078.3";"  1897.3";"  1951.9";" 30575.2";" 22945.2";"  1201.8";"  2140.3";"  4287.7";"  1065.7";"  1177.8";"  2044.1";"    16.5";"    90.1";"    20.6";"   127.1";" 22282.0";" 13937.5";"    27.1";" 12751.4";"  8894.8";"  2569.7";"  1286.8";"  1159.1";"  8344.4";"    40.3";"  2954.3";"   181.4";"  5168.4";" 22282.0";" 10220.3";"  2509.8";"  2814.3";"  6737.7";"  2272.3";"  1409.4";"   863.0";"    45.9";"   123.8";"     0.4";"   -10.2";"    43.8"
"12";"A048580";"2010JJ00";" 31311.4";" 25319.4";"   808.7";"  1181.0";"  2049.3";"  1952.9";" 31296.6";" 23568.4";"  1279.5";"  2145.0";"  4303.8";"  1102.9";"  1228.3";"  1972.4";"    14.9";"     5.3";"    -3.1";"    17.1";" 22701.8";" 14219.3";"    23.6";" 13073.7";"  9348.2";"  2622.0";"  1103.5";"  1122.1";"  8482.5";"    40.8";"  2792.5";"   201.4";"  5447.6";" 22701.8";" 10922.2";"  1709.6";"  2926.4";"  7143.7";"  1936.2";"  1138.4";"   797.7";"    48.1";"   118.7";"     0.1";"    -8.5";"    42.6"
"13";"A048580";"2011JJ00";" 31609.9";" 25581.7";"   718.9";"  1244.7";"  2100.2";"  1964.3";" 31613.5";" 23785.7";"  1377.8";"  2148.7";"  4301.5";"  1120.5";"  1205.1";"  1975.9";"    -3.6";"   -24.1";"    -7.9";"   -35.6";" 22863.0";" 14403.3";"    28.4";" 13354.1";"  9850.6";"  2637.4";"   866.0";"  1020.6";"  8459.8";"    36.1";"  2719.5";"   172.7";"  5531.4";" 22863.0";" 10905.6";"  1775.6";"  3054.9";"  7126.9";"  1891.3";"  1128.5";"   762.8";"    47.7";"   118.7";"    -0.1";"    -9.6";"    41.2"
"14";"A048580";"2012JJ00";" 31958.7";" 25971.1";"   702.4";"  1311.9";"  2065.6";"  1907.7";" 31621.4";" 23870.9";"  1401.0";"  2100.8";"  4248.8";"  1063.8";"  1227.9";"  1957.2";"   337.3";"   -15.3";"   -15.3";"   306.7";" 23009.3";" 14188.0";"    58.6";" 13267.9";"  9718.3";"  2555.3";"   994.3";"   861.5";"  8821.3";"    36.0";"  2545.8";"   169.6";"  6069.8";" 23009.3";" 11151.2";"  1762.6";"  3024.6";"  7070.8";"  1726.1";"  1021.8";"   704.3";"    48.5";"   124.8";"     1.0";"    -8.2";"    41.6"
"15";"A048580";"2013JJ00";" 32822.5";" 26909.6";"   641.3";"  1367.0";"  2027.6";"  1876.7";" 31856.2";" 24053.8";"  1414.7";"  2145.6";"  4242.0";"  1045.5";"  1280.9";"  1924.3";"   966.1";"   -41.7";"    -1.0";"   923.4";" 24028.3";" 14431.2";"    67.2";" 13507.4";"  9859.9";"  2496.7";"  1150.8";"   856.6";"  9597.0";"    31.5";"  2504.1";"   114.6";"  6947.0";" 24028.3";" 12073.4";"  1829.1";"  3063.9";"  7061.8";"  1657.8";"   991.4";"   667.0";"    50.2";"   135.9";"     2.8";"    -5.3";"    43.2"
"16";"A048580";"2014JJ00";" 32803.4";" 26911.3";"   557.9";"  1401.4";"  2057.9";"  1874.8";" 32390.1";" 24472.0";"  1452.2";"  2174.8";"  4291.1";"  1047.0";"  1312.4";"  1932.0";"   413.3";"   -46.8";"    -5.2";"   361.3";" 24362.6";" 14750.1";"    75.8";" 13844.9";" 10197.6";"  2533.2";"  1113.9";"   829.3";"  9612.5";"    26.8";"  2443.6";"   115.2";"  7026.8";" 24362.6";" 12499.2";"  1853.5";"  3069.1";"  6941.0";"  1854.2";"  1111.3";"   742.9";"    51.3";"   138.5";"     1.1";"    -5.0";"    43.2"
"17";"A048580";"2015JJ00";" 33814.7";" 27860.4";"   591.8";"  1473.9";"  2184.2";"  1704.6";" 33219.0";" 25092.9";"  1449.4";"  2310.3";"  4366.3";"  1038.7";"  1382.5";"  1945.0";"   595.6";"   -48.4";"   -13.9";"   533.3";" 24982.1";" 14924.1";"    77.6";" 14086.9";" 10350.0";"  2538.4";"  1198.3";"   759.7";" 10057.9";"    20.9";"  2319.4";"   107.7";"  7609.9";" 24982.3";" 12895.5";"  2047.8";"  3011.0";"  7027.8";"  1927.2";"  1135.2";"   791.9";"    51.6";"   143.1";"     1.6";"    -4.3";"    43.3"
"18";"A048580";"2016JJ00";" 34585.7";" 28549.7";"   576.3";"  1535.4";"  2195.0";"  1729.3";" 34236.6";" 25928.6";"  1505.4";"  2319.1";"  4483.5";"  1065.0";"  1437.6";"  1980.9";"   349.1";"   -77.4";"   -14.0";"   257.8";" 25527.6";" 15092.4";"    82.4";" 14307.9";" 10696.2";"  2593.4";"  1018.3";"   702.2";" 10435.1";"    19.3";"  2446.0";"    95.9";"  7874.0";" 25527.6";" 13134.2";"  2202.6";"  3098.2";"  7092.7";"  1852.4";"  1081.3";"   771.2";"    51.5";"   147.1";"     0.8";"    -4.1";"    42.9"
"19";"A048580";"2017JJ00";" 35365.0";" 29200.3";"   589.3";"  1611.0";"  2265.7";"  1698.7";" 35011.8";" 26764.8";"  1522.1";"  2298.2";"  4426.7";"  1015.4";"  1469.0";"  1942.3";"   353.2";"   -82.3";"   -13.7";"   257.2";" 26080.0";" 15383.5";"    74.4";" 14572.3";" 10914.6";"  2638.2";"  1019.5";"   736.8";" 10696.5";"    17.4";"  2340.7";"    96.2";"  8242.2";" 26080.9";" 13427.3";"  2360.2";"  3182.0";"  7111.4";"  1860.6";"  1085.7";"   774.9";"    51.5";"   150.4";"     0.7";"    -3.9";"    42.9"
"20";"A048580";"2018JJ00";" 36974.6";" 30603.2";"   638.3";"  1640.5";"  2325.9";"  1766.7";" 36478.5";" 27918.4";"  1565.2";"  2397.7";"  4597.2";"  1026.7";"  1524.7";"  2045.8";"   496.1";"  -103.5";"   -11.4";"   380.9";" 26970.2";" 15554.7";"    68.9";" 14732.8";" 11076.8";"  2700.4";"   955.6";"   753.0";" 11415.5";"    15.6";"  2330.3";"    94.0";"  8975.6";" 26970.7";" 13824.1";"  2586.6";"  3210.3";"  7349.7";"  1776.8";"   949.5";"   827.3";"    51.3";"   155.3";"     1.0";"    -3.0";"    43.0"
"21";"A048417";"1998JJ00";"       .";"       .";"       .";"       .";"       .";"       .";"       .";"       .";"       .";"       .";"       .";"       .";"       .";"";"       .";"       .";"       .";"       .";"       .";"       .";"       .";"       .";"       .";"       .";"       .";"       .";"       .";"       .";"       .";"       .";"       .";"       .";"       .";"       .";"       .";"       .";"       .";"       .";"       .";"       .";"       .";"       .";"       .";"       ."
"22";"A048417";"1999JJ00";"       .";"       .";"       .";"       .";"       .";"       .";"       .";"       .";"       .";"       .";"       .";"       .";"       .";"       .";"       .";"       .";"       .";"       .";"       .";"       .";"       .";"       .";"       .";"       .";"       .";"       .";"       .";"       .";"       .";"       .";"       .";"       .";"       .";"       .";"       .";"       .";"       .";"       .";"       .";"       .";"       .";"       .";"       .";"       ."
"23";"A048417";"2000JJ00";"       .";"       .";"       .";"       .";"       .";"       .";"       .";"       .";"       .";"       .";"       .";"       .";"       .";"       .";"       .";"       .";"       .";"       .";"       .";"       .";"       .";"       .";"       .";"       .";"       .";"       .";"       .";"       .";"       .";"       .";"       .";"       .";"       .";"       .";"       .";"       .";"       .";"       .";"       .";"       .";"       .";"       .";"       .";"       ."
"24";"A048417";"2001JJ00";"       .";"       .";"       .";"       .";"       .";"       .";"       .";"       .";"       .";"       .";"       .";"       .";"       .";"       .";"       .";"       .";"       .";"       .";"       .";"       .";"       .";"       .";"       .";"       .";"       .";"       .";"       .";"       .";"       .";"       .";"       .";"       .";"       .";"       .";"       .";"       .";"       .";"       .";"       .";"       .";"       .";"       .";"       .";"       ."
"25";"A048417";"2002JJ00";"       .";"       .";"       .";"       .";"       .";"       .";"       .";"       .";"       .";"       .";"       .";"       .";"       .";"       .";"       .";"       .";"       .";"       .";"       .";"       .";"       .";"       .";"       .";"       .";"       .";"       .";"       .";"       .";"       .";"       .";"       .";"       .";"       .";"       .";"       .";"       .";"       .";"       .";"       .";"       .";"       .";"       .";"       .";"       ."
"26";"A048417";"2003JJ00";"       .";"       .";"       .";"       .";"       .";"       .";"       .";"       .";"       .";"       .";"       .";"       .";"       .";"       .";"       .";"       .";"       .";"       .";"       .";"       .";"       .";"       .";"       .";"       .";"       .";"       .";"       .";"       .";"       .";"       .";"       .";"       .";"       .";"       .";"       .";"       .";"       .";"       .";"       .";"       .";"       .";"       .";"       .";"       ."
"27";"A048417";"2004JJ00";"       .";"       .";"       .";"       .";"       .";"       .";"       .";"       .";"       .";"       .";"       .";"       .";"       .";"       .";"       .";"       .";"       .";"       .";"       .";"       .";"       .";"       .";"       .";"       .";"       .";"       .";"       .";"       .";"       .";"       .";"       .";"       .";"       .";"       .";"       .";"       .";"       .";"       .";"       .";"       .";"       .";"       .";"       .";"       ."
"28";"A048417";"2005JJ00";"       .";"       .";"       .";"       .";"       .";"       .";"       .";"       .";"       .";"       .";"       .";"       .";"       .";"       .";"       .";"       .";"       .";"       .";"       .";"       .";"       .";"       .";"       .";"       .";"       .";"       .";"       .";"       .";"       .";"       .";"       .";"       .";"       .";"       .";"       .";"       .";"       .";"       .";"       .";"       .";"       .";"       .";"       .";"       ."
"29";"A048417";"2006JJ00";"  8362.1";"  7680.7";"   333.8";"";"     1.4";"   346.2";"  8288.8";"  6867.3";"   138.6";"   541.6";"   741.2";"   235.4";"   267.0";"   238.8";"    73.3";"    56.1";"    14.4";"   143.8";"  4007.1";"  1285.7";"     0.3";"   785.6";"    90.0";"   451.7";"   243.9";"   499.8";"  2721.4";"     0.2";"   840.4";"    60.3";"  1820.5";"  4007.1";"  2420.9";"   517.3";"    13.5";"  1055.4";"   285.3";"    56.8";"   228.5";"    60.4";"   257.9";"     1.7";"    21.3";"    46.8"
"30";"A048417";"2007JJ00";"  8701.5";"  7911.1";"   292.4";"";"     5.1";"   492.9";"  8625.0";"  7080.9";"   155.2";"   560.8";"   828.0";"   228.2";"   287.3";"   312.5";"    76.5";"    77.4";"    31.5";"   185.4";"  4389.1";"  1464.1";"     0.3";"   885.6";"   116.0";"   498.6";"   271.0";"   578.2";"  2925.0";"     0.2";"   825.0";"    47.7";"  2052.1";"  4389.2";"  2617.3";"   598.9";"    22.8";"  1150.2";"   249.1";"    50.7";"   198.4";"    59.6";"   254.3";"     2.1";"    21.9";"    49.1"
"31";"A048417";"2008JJ00";"  9222.8";"  8345.3";"   312.8";"     0.8";"     7.0";"   556.9";"  9234.7";"  7548.1";"   172.8";"   537.4";"   976.4";"   246.7";"   292.1";"   437.5";"   -11.9";"    67.1";"     0.7";"    56.0";"  4605.2";"  1565.1";"     0.3";"  1038.8";"   183.6";"   642.6";"   212.6";"   526.1";"  3040.1";"     0.1";"   898.9";"    77.6";"  2063.5";"  4605.2";"  2644.4";"   667.5";"    63.1";"  1230.2";"   323.7";"    64.2";"   259.5";"    57.4";"   247.1";"     0.6";"    19.2";"    47.9"
"32";"A048417";"2009JJ00";"  9991.6";"  9087.6";"   322.8";"     0.5";"    10.7";"   569.9";" 10106.6";"  8264.6";"   195.3";"   637.3";"  1009.3";"   280.5";"   313.5";"   415.3";"  -115.0";"    97.3";"     4.1";"   -13.7";"  4835.6";"  1713.1";"     0.2";"  1195.5";"   207.2";"   752.7";"   235.6";"   517.4";"  3122.5";"     0.6";"   916.7";"    65.2";"  2140.0";"  4835.6";"  2695.4";"   692.8";"    62.1";"  1385.4";"   350.6";"    46.2";"   304.4";"    55.7";"   225.4";"    -0.1";"    16.5";"    46.3"
"33";"A048417";"2010JJ00";"  9972.4";"  9070.4";"   322.0";"     0.5";"     7.5";"   572.1";" 10149.9";"  8291.1";"   206.3";"   630.3";"  1022.3";"   277.9";"   319.4";"   424.9";"  -177.5";"    60.7";"     0.2";"  -116.6";"  4730.9";"  1791.1";"     0.2";"  1283.7";"   248.7";"   784.0";"   251.0";"   507.2";"  2939.9";"     2.2";"   880.4";"    75.2";"  1982.0";"  4730.9";"  2792.0";"   447.7";"    73.0";"  1418.2";"   306.7";"    56.5";"   250.2";"    59.0";"   207.3";"    -1.2";"    16.6";"    44.9"
"34";"A048417";"2011JJ00";"  9975.5";"  9066.1";"   305.6";"     0.4";"     8.8";"   594.4";" 10127.1";"  8246.3";"   214.9";"   626.7";"  1039.2";"   289.9";"   313.4";"   435.9";"  -151.6";"    47.5";"    -0.6";"  -104.7";"  4577.7";"  1791.2";"     0.2";"  1328.6";"   279.8";"   799.2";"   249.5";"   462.3";"  2786.6";"     0.3";"   846.1";"    61.4";"  1878.8";"  4577.7";"  2696.2";"   441.7";"    69.6";"  1370.1";"   278.8";"    48.8";"   230.0";"    58.9";"   203.4";"    -1.1";"    15.1";"    43.1"
"35";"A048417";"2012JJ00";" 10062.1";"  9161.8";"   318.8";"     0.0";"     9.1";"   572.5";" 10091.8";"  8204.9";"   223.7";"   632.8";"  1030.5";"   292.8";"   317.5";"   420.3";"   -29.7";"    61.3";"    -1.0";"    30.6";"  4635.7";"  1768.4";"     0.2";"  1380.8";"   327.6";"   789.3";"   263.8";"   387.4";"  2867.3";"     0.3";"   802.6";"    60.8";"  2003.6";"  4635.7";"  2722.1";"   464.1";"    87.1";"  1362.3";"   256.2";"    45.9";"   210.3";"    58.7";"   210.5";"     0.3";"    14.6";"    42.8"
"36";"A048417";"2013JJ00";" 10320.3";"  9430.1";"   321.4";"     0.0";"    10.5";"   558.2";" 10046.2";"  8146.2";"   228.0";"   646.0";"  1026.1";"   299.4";"   333.2";"   402.1";"   274.1";"    40.5";"    -5.2";"   309.4";"  4968.1";"  1729.0";"     0.1";"  1388.0";"   339.9";"   792.6";"   255.5";"   340.8";"  3239.1";"     0.4";"   806.4";"    34.7";"  2397.7";"  4968.1";"  3028.4";"   477.6";"    92.0";"  1370.0";"   247.5";"    35.4";"   212.8";"    61.0";"   236.4";"     3.0";"    17.4";"    44.8"
"37";"A048417";"2014JJ00";" 10047.0";"  9242.7";"   256.9";"     0.0";"     8.9";"   538.5";" 10110.8";"  8207.7";"   232.2";"   649.2";"  1021.7";"   297.7";"   339.4";"   384.7";"   -63.8";"    35.8";"     0.4";"   -27.6";"  4883.1";"  1716.9";"     0.2";"  1407.5";"   344.9";"   804.0";"   258.6";"   309.2";"  3166.2";"     0.5";"   870.5";"    36.4";"  2258.7";"  4883.1";"  3002.1";"   483.3";"    88.8";"  1309.0";"   273.1";"    42.3";"   230.9";"    61.5";"   241.9";"    -0.3";"    17.3";"    45.2"
"38";"A048417";"2015JJ00";" 10012.7";"  9302.7";"   305.0";"     0.0";"     7.2";"   397.9";"  9953.4";"  8059.8";"   239.2";"   733.6";"   920.8";"   274.8";"   342.2";"   303.8";"    59.3";"    21.6";"     0.0";"    80.9";"  4973.6";"  1724.0";"     0.2";"  1435.1";"   380.3";"   792.4";"   262.3";"   288.8";"  3249.5";"     0.1";"   777.5";"    29.7";"  2442.2";"  4973.6";"  3054.8";"   566.7";"   103.7";"  1248.4";"   267.5";"    35.1";"   232.4";"    61.4";"   260.3";"     0.8";"    17.4";"    45.9"
"39";"A048417";"2016JJ00";" 10166.9";"  9472.1";"   301.5";"     0.0";"    11.4";"   381.9";" 10079.8";"  8146.2";"   244.1";"   736.0";"   953.5";"   278.7";"   357.4";"   317.4";"    87.1";"    11.9";"    -0.4";"    98.6";"  5134.0";"  1750.9";"     0.2";"  1482.7";"   386.8";"   824.7";"   271.2";"   268.1";"  3383.1";"     0.1";"   770.7";"    26.4";"  2585.9";"  5134.0";"  3141.1";"   637.0";"   104.7";"  1251.3";"   309.7";"    59.8";"   249.9";"    61.2";"   270.4";"     1.0";"    17.5";"    46.7"
"40";"A048417";"2017JJ00";" 10339.9";"  9638.6";"   302.0";"     0.0";"     9.0";"   390.3";" 10228.9";"  8301.4";"   255.4";"   740.0";"   932.1";"   274.1";"   375.0";"   283.0";"   111.0";"     7.7";"    -0.1";"   118.7";"  5289.0";"  1772.5";"     0.2";"  1524.7";"   412.8";"   850.1";"   261.8";"   247.6";"  3516.5";"     0.2";"   771.9";"    28.7";"  2715.7";"  5288.9";"  3251.0";"   680.3";"   112.1";"  1245.5";"   344.9";"    74.0";"   270.9";"    61.5";"   282.3";"     1.1";"    17.9";"    47.2"
"41";"A048417";"2018JJ00";" 10933.9";" 10192.4";"   332.2";"     0.0";"     9.0";"   400.3";" 10920.6";"  8926.1";"   262.3";"   755.5";"   976.7";"   286.0";"   387.5";"   303.2";"    13.3";"    -0.1";"     0.6";"    13.5";"  5432.0";"  1831.4";"     0.4";"  1594.7";"   424.2";"   907.0";"   263.5";"   236.3";"  3600.6";"     0.0";"   827.2";"    31.2";"  2742.2";"  5431.9";"  3257.4";"   730.7";"   121.0";"  1322.8";"   341.3";"    45.9";"   295.4";"    60.0";"   272.2";"     0.1";"    16.3";"    45.8"
"42";"A048581";"1998JJ00";"  5973.3";"  5194.4";"   225.9";"    33.1";"   106.6";"   413.2";"  5941.4";"  4622.8";"   224.5";"   446.3";"   647.7";"   176.9";"   149.0";"   321.8";"    31.8";"    25.7";"    15.7";"    73.2";"  4488.8";"  2655.0";"     0.3";"  2315.3";"  1623.4";"   587.9";"   104.0";"   339.4";"  1833.8";"    11.5";"   637.1";"    86.7";"  1098.5";"  4488.8";"  2391.5";"   550.8";"   560.9";"   985.6";"   351.0";"   182.0";"   169.0";"    53.3";"   186.1";"     1.2";"     1.5";"    48.0"
"43";"A048581";"1999JJ00";"  6455.1";"  5560.7";"   255.1";"    38.6";"   130.8";"   469.9";"  6423.6";"  5001.6";"   247.5";"   477.6";"   697.0";"   216.5";"   169.2";"   311.3";"    31.6";"    24.2";"    14.3";"    70.0";"  4751.4";"  2919.6";"     0.3";"  2531.9";"  1766.7";"   655.8";"   109.4";"   387.5";"  1831.9";"    15.4";"   686.8";"    49.7";"  1080.0";"  4751.4";"  2515.1";"   580.8";"   580.4";"  1075.2";"   472.0";"   252.0";"   220.0";"    52.9";"   170.4";"     1.1";"    -0.3";"    46.2"
"44";"A048581";"2000JJ00";"  7083.1";"  6051.4";"   402.0";"    44.0";"   114.7";"   471.0";"  6987.5";"  5404.9";"   279.3";"   521.4";"   782.0";"   272.3";"   215.6";"   294.1";"    95.6";"    34.8";"     9.0";"   139.4";"  5202.0";"  3126.8";"     1.1";"  2699.1";"  1772.8";"   760.1";"   166.3";"   426.5";"  2075.2";"    20.6";"   785.6";"    23.2";"  1245.7";"  5202.0";"  2546.1";"   799.6";"   590.7";"  1265.7";"   508.0";"   293.0";"   215.0";"    48.9";"   164.0";"     2.0";"    -2.5";"    48.4"
"45";"A048581";"2001JJ00";"  7705.4";"  6588.4";"   463.1";"    36.2";"   115.2";"   502.5";"  7543.0";"  5828.1";"   303.0";"   554.9";"   857.0";"   298.1";"   252.2";"   306.7";"   162.4";"    39.9";"    13.8";"   216.1";"  5710.9";"  3404.3";"     3.3";"  2925.3";"  1934.3";"   806.2";"   184.8";"   475.7";"  2306.6";"    21.6";"   837.5";"    24.8";"  1422.7";"  5710.9";"  2799.4";"   889.1";"   606.8";"  1415.6";"   644.5";"   384.7";"   259.8";"    49.0";"   162.9";"     2.8";"    -1.9";"    49.0"
"46";"A048581";"2002JJ00";"  8429.0";"  7166.2";"   513.4";"    49.7";"   142.6";"   557.1";"  8372.3";"  6466.7";"   333.7";"   599.2";"   972.7";"   333.3";"   317.6";"   321.8";"    56.7";"    32.3";"    34.4";"   123.4";"  6048.7";"  3703.6";"     2.5";"  3195.2";"  2092.0";"   859.2";"   244.0";"   505.9";"  2345.1";"    17.7";"   942.0";"    28.9";"  1356.5";"  6048.7";"  2941.1";"   951.8";"   630.2";"  1525.6";"   681.5";"   400.3";"   281.2";"    48.6";"   153.7";"     1.5";"    -3.5";"    46.9"
"47";"A048581";"2003JJ00";"  9000.3";"  7588.1";"   608.4";"    45.1";"   161.9";"   596.8";"  8981.6";"  6952.8";"   351.8";"   658.0";"  1019.0";"   353.0";"   344.9";"   321.1";"    18.7";"    30.7";"    13.0";"    62.5";"  6326.2";"  4007.0";"     2.5";"  3477.6";"  2313.3";"   904.3";"   260.0";"   526.9";"  2319.2";"    14.7";"   949.4";"    16.9";"  1338.2";"  6326.2";"  3045.2";"   983.4";"   704.2";"  1593.4";"   802.4";"   525.5";"   276.9";"    48.1";"   145.6";"     0.7";"    -5.7";"    44.6"
"48";"A048581";"2004JJ00";"  9245.0";"  7831.4";"   632.7";"    44.2";"   157.3";"   579.4";"  9100.7";"  7077.8";"   371.3";"   641.3";"  1010.3";"   328.9";"   343.8";"   337.6";"   144.3";"    23.1";"    -2.9";"   164.5";"  6698.9";"  4132.9";"     1.4";"  3623.9";"  2396.5";"   930.9";"   296.5";"   507.6";"  2566.0";"    15.4";"   993.3";"    27.9";"  1529.4";"  6698.9";"  3197.8";"  1061.5";"   787.8";"  1651.8";"   675.8";"   415.5";"   260.3";"    47.7";"   155.3";"     1.8";"    -5.4";"    46.5"
"49";"A048581";"2005JJ00";"  9612.0";"  8249.0";"   582.1";"    45.4";"   144.6";"   591.0";"  9430.1";"  7314.6";"   381.5";"   694.0";"  1040.0";"   342.5";"   340.5";"   357.0";"   181.9";"    24.2";"    36.6";"   242.6";"  7007.8";"  4359.9";"     1.0";"  3809.0";"  2448.3";"   960.7";"   400.0";"   549.9";"  2647.9";"    16.8";"   884.6";"    42.3";"  1704.2";"  7007.8";"  3424.7";"  1131.0";"   875.4";"  1576.7";"   705.6";"   431.8";"   273.7";"    48.9";"   167.9";"     2.5";"    -4.7";"    47.4"
"50";"A048581";"2006JJ00";"  9942.2";"  8607.5";"   520.8";"    44.4";"   155.1";"   614.4";"  9756.3";"  7434.9";"   409.1";"   750.3";"  1161.9";"   397.1";"   406.5";"   358.2";"   185.8";"    25.9";"   -18.9";"   192.8";"  7663.6";"  4832.7";"     0.9";"  4295.6";"  2690.5";"  1004.1";"   600.9";"   536.2";"  2831.0";"    17.7";"   861.0";"    41.0";"  1911.3";"  7663.6";"  3628.3";"  1186.8";"   978.3";"  1870.1";"  1010.1";"   702.9";"   307.3";"    47.3";"   151.4";"     1.9";"    -7.8";"    50.0"
"51";"A048581";"2007JJ00";" 10643.9";"  9282.4";"   408.8";"    53.0";"   223.3";"   676.5";" 10571.6";"  8015.6";"   432.9";"   803.9";"  1319.3";"   443.8";"   437.7";"   437.8";"    72.2";"    36.1";"    12.1";"   120.3";"  8181.2";"  5365.7";"     1.2";"  4839.6";"  3208.5";"  1124.7";"   506.5";"   524.9";"  2815.6";"    21.7";"   876.8";"    54.7";"  1862.3";"  8181.2";"  3757.3";"  1240.2";"  1063.3";"  2120.3";"  1249.5";"   878.2";"   371.3";"    45.9";"   132.8";"     1.1";"   -11.7";"    46.7"
"52";"A048581";"2008JJ00";" 11054.3";"  9601.2";"   427.5";"    65.1";"   214.9";"   745.6";" 11038.6";"  8403.0";"   485.4";"   767.0";"  1383.1";"   429.5";"   442.5";"   511.2";"    15.7";"    21.9";"     1.6";"    39.2";"  8508.9";"  5707.3";"     5.3";"  5226.4";"  3600.5";"  1150.6";"   475.4";"   475.6";"  2801.6";"    18.6";"   784.0";"    91.1";"  1907.8";"  8508.9";"  3538.5";"  1254.9";"  1344.0";"  2371.6";"  1162.2";"   830.6";"   331.6";"    41.6";"   118.1";"     0.4";"   -17.6";"    44.4"
"53";"A048581";"2009JJ00";" 11561.4";" 10121.5";"   468.0";"    65.1";"   233.3";"   673.5";" 11525.4";"  8695.9";"   503.9";"   844.7";"  1481.0";"   431.6";"   566.4";"   482.9";"    36.0";"    12.5";"    15.2";"    63.7";"  8600.7";"  5956.5";"     5.9";"  5497.3";"  3906.5";"  1182.9";"   407.8";"   453.3";"  2644.2";"    21.1";"   751.0";"    78.8";"  1793.4";"  8600.7";"  3531.3";"  1253.9";"  1444.7";"  2370.8";"   903.3";"   582.2";"   321.1";"    41.1";"   111.5";"     0.6";"   -19.4";"    40.6"
"54";"A048581";"2010JJ00";" 11910.0";" 10462.3";"   425.7";"    68.0";"   291.0";"   662.9";" 11945.6";"  9013.1";"   531.2";"   860.4";"  1540.9";"   442.9";"   601.6";"   496.4";"   -35.5";"   -18.4";"     2.5";"   -51.4";"  8621.2";"  6015.2";"     6.2";"  5605.9";"  3996.6";"  1201.3";"   408.0";"   403.2";"  2605.9";"    22.7";"   689.2";"    78.2";"  1815.8";"  8621.2";"  3925.2";"   723.5";"  1409.2";"  2563.2";"   891.2";"   548.9";"   342.2";"    45.5";"   101.7";"    -0.4";"   -16.1";"    38.8"
"55";"A048581";"2011JJ00";" 11878.5";" 10548.4";"   347.6";"    68.7";"   272.3";"   641.5";" 11955.1";"  9070.0";"   561.7";"   828.7";"  1494.8";"   437.0";"   589.2";"   468.6";"   -76.6";"   -30.4";"     2.6";"  -104.4";"  8588.9";"  6117.8";"    11.5";"  5760.4";"  4241.1";"  1196.7";"   322.6";"   345.9";"  2471.0";"    20.9";"   659.4";"    72.4";"  1718.2";"  8588.9";"  3830.7";"   725.6";"  1558.2";"  2474.4";"   818.3";"   490.7";"   327.6";"    44.6";"    99.9";"    -0.9";"   -18.3";"    36.6"
"56";"A048581";"2012JJ00";" 12031.1";" 10785.2";"   330.4";"    72.1";"   210.0";"   633.5";" 11890.6";"  9058.1";"   576.3";"   788.7";"  1467.4";"   421.4";"   583.4";"   462.6";"   140.5";"   -29.3";"     0.4";"   111.6";"  8323.9";"  5830.8";"     7.1";"  5563.6";"  4181.2";"  1167.8";"   214.6";"   260.1";"  2493.1";"    21.0";"   576.8";"    67.7";"  1827.7";"  8323.9";"  3888.4";"   707.1";"  1480.3";"  2248.1";"   737.8";"   427.4";"   310.3";"    46.7";"   110.9";"     0.9";"   -15.5";"    34.4"
"57";"A048581";"2013JJ00";" 12369.7";" 11236.9";"   271.1";"    66.9";"   179.2";"   615.5";" 11978.3";"  9107.4";"   591.7";"   815.0";"  1464.1";"   427.8";"   582.0";"   454.3";"   391.3";"   -40.3";"     6.4";"   357.4";"  8799.0";"  5949.4";"     7.9";"  5673.5";"  4254.0";"  1136.1";"   283.5";"   268.1";"  2849.5";"    16.2";"   559.1";"    37.4";"  2236.8";"  8799.0";"  4272.7";"   723.1";"  1630.5";"  2172.6";"   625.9";"   340.4";"   285.4";"    48.6";"   131.2";"     2.9";"   -12.5";"    36.7"
"58";"A048581";"2014JJ00";" 12386.1";" 11270.3";"   264.0";"    55.0";"   163.2";"   633.6";" 12257.7";"  9336.1";"   570.4";"   820.5";"  1530.7";"   428.9";"   584.0";"   517.9";"   128.5";"   -37.4";"    -3.8";"    87.3";"  8935.5";"  6018.2";"     6.2";"  5727.2";"  4368.3";"  1153.0";"   205.8";"   284.7";"  2917.3";"    12.6";"   504.9";"    34.5";"  2365.3";"  8935.5";"  4404.6";"   751.9";"  1560.5";"  2218.5";"   666.2";"   355.0";"   311.3";"    49.3";"   131.5";"     0.7";"   -11.7";"    36.9"
"59";"A048581";"2015JJ00";" 13117.6";" 12023.7";"   253.0";"    53.2";"   164.7";"   622.9";" 12778.4";"  9779.7";"   580.8";"   838.1";"  1579.8";"   432.2";"   637.0";"   510.5";"   339.1";"   -44.1";"     0.7";"   295.7";"  9109.8";"  5965.9";"     7.2";"  5702.2";"  4296.9";"  1135.8";"   269.5";"   256.5";"  3143.9";"     7.2";"   479.7";"    33.5";"  2623.5";"  9110.0";"  4602.0";"   833.4";"  1465.1";"  2209.4";"   771.6";"   435.0";"   336.6";"    50.5";"   142.3";"     2.3";"    -9.2";"    36.7"
"60";"A048581";"2016JJ00";" 13521.1";" 12423.0";"   238.1";"    61.0";"   181.7";"   617.3";" 13342.8";" 10258.9";"   578.1";"   870.9";"  1635.1";"   444.0";"   664.4";"   526.7";"   178.2";"   -51.2";"     1.2";"   128.2";"  9273.1";"  6030.9";"    13.9";"  5739.8";"  4321.8";"  1151.9";"   266.2";"   277.2";"  3242.1";"     7.3";"   488.5";"    27.9";"  2718.5";"  9273.1";"  4744.8";"   916.6";"  1483.9";"  2127.8";"   725.2";"   395.8";"   329.4";"    51.2";"   152.4";"     0.9";"    -8.0";"    36.6"
"61";"A048581";"2017JJ00";" 13829.2";" 12718.5";"   240.5";"    67.4";"   198.1";"   604.7";" 13695.0";" 10623.9";"   587.3";"   864.0";"  1619.8";"   433.2";"   682.3";"   504.3";"   134.2";"   -45.3";"    -1.3";"    87.6";"  9609.9";"  6185.1";"    13.0";"  5850.5";"  4448.3";"  1158.9";"   243.3";"   321.6";"  3424.8";"     6.4";"   514.7";"    27.0";"  2876.7";"  9610.4";"  4852.1";"  1003.2";"  1555.3";"  2199.8";"   738.2";"   420.6";"   317.6";"    50.5";"   155.7";"     0.6";"    -7.8";"    37.3"
"62";"A048581";"2018JJ00";" 14297.4";" 13129.6";"   252.1";"    71.6";"   193.3";"   650.8";" 14050.2";" 10858.7";"   612.6";"   900.4";"  1678.5";"   451.5";"   700.8";"   526.2";"   247.2";"   -48.2";"     0.5";"   199.5";" 10015.1";"  6219.2";"    12.1";"  5871.4";"  4513.4";"  1151.7";"   206.3";"   335.7";"  3795.9";"     6.1";"   514.9";"    28.5";"  3246.4";" 10015.3";"  5061.3";"  1099.3";"  1558.5";"  2296.2";"   684.3";"   355.0";"   329.3";"    50.5";"   165.3";"     1.4";"    -6.2";"    38.5"
"63";"A048422";"1998JJ00";"  3584.2";"  3346.5";"";"";"     5.4";"   232.3";"  3585.6";"  2947.1";"    75.9";"   246.2";"   316.3";"    83.0";"    75.9";"   157.4";"    -1.5";"    33.3";"     8.1";"    39.9";"  1979.4";"   856.1";"     0.2";"   576.1";"   254.6";"   295.4";"    26.1";"   279.8";"  1123.3";"     8.6";"   399.0";"    62.2";"   653.5";"  1979.4";"   991.1";"   340.4";"   137.2";"   510.8";"   119.0";"    43.0";"    76.0";"    50.1";"   219.9";"     1.1";"    12.4";"    48.1"
"64";"A048422";"1999JJ00";"  3914.9";"  3624.3";"";"";"     4.3";"   286.2";"  3912.6";"  3201.8";"    86.3";"   275.8";"   348.8";"    92.2";"    84.3";"   172.3";"     2.3";"    32.7";"     6.0";"    40.9";"  2133.5";"  1007.6";"     0.2";"   679.9";"   295.8";"   350.7";"    33.4";"   327.5";"  1125.9";"    12.6";"   443.6";"    29.0";"   640.7";"  2133.4";"  1079.2";"   349.6";"   131.6";"   573.1";"   205.0";"    94.0";"   111.0";"    50.6";"   196.5";"     1.0";"    11.0";"    46.9"
"65";"A048422";"2000JJ00";"  4296.5";"  3917.7";"   100.0";"     0.0";"     3.6";"   275.1";"  4271.6";"  3445.9";"   108.0";"   309.4";"   408.3";"   108.4";"    99.2";"   200.7";"    24.9";"    38.7";"    11.6";"    75.2";"  2410.1";"  1116.3";"     0.5";"   769.2";"   321.8";"   417.8";"    29.7";"   346.5";"  1293.9";"    13.9";"   492.9";"    20.0";"   767.1";"  2410.2";"  1114.9";"   494.1";"   119.5";"   681.7";"   223.0";"   109.0";"   114.0";"    46.3";"   189.8";"     1.8";"     8.8";"    48.6"
"66";"A048422";"2001JJ00";"  4719.4";"  4299.0";"   107.2";"     0.1";"     6.0";"   307.1";"  4639.9";"  3732.0";"   124.8";"   334.4";"   448.7";"   125.6";"   128.1";"   195.0";"    79.5";"    44.9";"     3.3";"   127.7";"  2750.1";"  1281.8";"     0.3";"   889.7";"   352.3";"   452.4";"    85.0";"   391.8";"  1468.3";"    16.7";"   548.5";"    16.1";"   887.0";"  2750.1";"  1240.3";"   601.0";"   126.4";"   782.4";"   313.5";"   174.7";"   138.8";"    45.1";"   187.7";"     2.7";"     8.2";"    50.8"
"67";"A048422";"2002JJ00";"  5083.0";"  4613.7";"   129.7";"     0.0";"     7.0";"   332.6";"  5044.7";"  4067.0";"   136.9";"   351.6";"   489.2";"   141.1";"   154.1";"   194.0";"    38.3";"    43.5";"     8.4";"    90.2";"  2922.8";"  1419.0";"     0.3";"   979.9";"   405.1";"   479.6";"    95.2";"   438.8";"  1503.8";"    13.9";"   600.1";"    16.4";"   873.4";"  2922.8";"  1308.0";"   645.0";"   116.6";"   853.2";"   301.5";"   146.1";"   155.3";"    44.8";"   176.3";"     1.8";"     7.1";"    49.5"
"68";"A048422";"2003JJ00";"  5440.5";"  4922.0";"   150.8";"     0.0";"     4.2";"   363.5";"  5460.3";"  4392.7";"   153.2";"   391.3";"   523.1";"   156.1";"   176.0";"   191.0";"   -19.8";"    45.3";"     0.0";"    25.5";"  2987.4";"  1505.2";"     0.7";"  1042.9";"   448.8";"   506.8";"    87.3";"   461.6";"  1482.2";"    11.5";"   620.6";"     7.9";"   842.2";"  2987.4";"  1335.3";"   665.0";"   107.7";"   879.4";"   299.2";"   154.2";"   145.0";"    44.7";"   168.5";"     0.5";"     5.9";"    46.7"
"69";"A048422";"2004JJ00";"  5553.5";"  5042.9";"   143.3";"     0.0";"     3.4";"   363.9";"  5522.2";"  4463.5";"   161.8";"   377.5";"   519.4";"   154.4";"   184.2";"   180.8";"    31.3";"    41.4";"     2.0";"    74.6";"  3162.8";"  1558.6";"     0.5";"  1111.0";"   473.5";"   529.4";"   108.1";"   447.1";"  1604.2";"    12.4";"   658.9";"    20.6";"   912.3";"  3162.8";"  1417.0";"   696.1";"   109.8";"   939.9";"   264.1";"   126.9";"   137.2";"    44.8";"   170.7";"     1.3";"     6.1";"    48.4"
"70";"A048422";"2005JJ00";"  5865.5";"  5350.0";"   127.2";"     0.0";"     3.4";"   384.9";"  5785.7";"  4645.3";"   169.0";"   428.1";"   543.3";"   164.2";"   191.0";"   188.1";"    79.8";"    45.1";"    -5.4";"   119.4";"  3317.5";"  1679.9";"     0.5";"  1192.6";"   506.5";"   560.0";"   126.1";"   486.8";"  1637.6";"    14.0";"   575.8";"    26.0";"  1021.8";"  3317.5";"  1545.5";"   732.7";"   126.8";"   912.5";"   302.8";"   143.3";"   159.4";"    46.6";"   179.5";"     2.0";"     6.6";"    47.9"
"71";"A048422";"2006JJ00";"  6115.9";"  5580.0";"   133.4";"     0.0";"     3.5";"   399.0";"  6026.4";"  4758.5";"   182.8";"   461.6";"   623.4";"   178.8";"   222.8";"   221.7";"    89.5";"    43.5";"   -17.8";"   115.2";"  3601.9";"  1852.9";"     0.5";"  1374.5";"   579.7";"   606.3";"   188.4";"   477.9";"  1749.0";"    14.8";"   562.4";"    29.0";"  1142.9";"  3601.9";"  1665.3";"   773.6";"   152.2";"  1010.7";"   433.4";"   253.7";"   179.8";"    46.2";"   173.0";"     1.9";"     5.2";"    49.4"
"72";"A048422";"2007JJ00";"  6396.7";"  5849.2";"   118.2";"     1.7";"     2.9";"   424.8";"  6345.8";"  4985.1";"   195.7";"   491.1";"   673.9";"   185.5";"   231.2";"   257.2";"    50.9";"    50.6";"    -1.6";"    99.9";"  3842.8";"  2010.1";"     0.5";"  1544.8";"   706.6";"   663.5";"   174.7";"   464.7";"  1832.8";"    17.0";"   525.6";"    47.3";"  1242.9";"  3842.8";"  1760.4";"   801.0";"   174.2";"  1107.1";"   461.8";"   264.3";"   197.5";"    45.8";"   165.5";"     1.6";"     3.7";"    49.0"
"73";"A048422";"2008JJ00";"  6635.3";"  6037.1";"   132.3";"    17.4";"     2.6";"   445.9";"  6610.2";"  5207.8";"   223.0";"   447.9";"   731.5";"   181.0";"   229.5";"   321.1";"    25.1";"    41.6";"    -1.0";"    65.7";"  3930.1";"  2088.9";"     3.7";"  1683.8";"   888.6";"   667.9";"   127.4";"   401.4";"  1841.2";"    14.6";"   445.1";"    83.5";"  1298.0";"  3930.1";"  1744.0";"   624.2";"   258.1";"  1303.9";"   490.1";"   301.5";"   188.6";"    44.4";"   141.2";"     1.0";"     1.0";"    45.8"
"74";"A048422";"2009JJ00";"  7031.2";"  6453.8";"   135.8";"    12.0";"    15.6";"   414.0";"  7055.2";"  5453.4";"   236.3";"   505.0";"   860.5";"   191.9";"   351.1";"   317.5";"   -24.0";"    47.9";"     6.0";"    29.9";"  4029.5";"  2307.5";"     3.5";"  1927.7";"  1066.7";"   681.7";"   179.3";"   376.3";"  1722.0";"    18.0";"   402.2";"    71.3";"  1230.6";"  4029.5";"  1721.0";"   663.1";"   327.0";"  1318.5";"   469.3";"   277.9";"   191.4";"    42.7";"   130.6";"     0.4";"    -3.2";"    42.1"
"75";"A048422";"2010JJ00";"  7291.8";"  6691.3";"   165.6";"     9.3";"    29.2";"   396.4";"  7388.1";"  5720.5";"   249.4";"   526.1";"   892.1";"   192.6";"   371.0";"   328.4";"   -96.3";"    23.0";"    -0.2";"   -73.5";"  3935.1";"  2339.6";"     2.4";"  2018.0";"  1112.6";"   702.9";"   202.5";"   319.3";"  1595.4";"    19.4";"   321.3";"    65.1";"  1189.6";"  3935.1";"  1730.6";"   486.9";"   329.5";"  1388.0";"   411.0";"   208.7";"   202.2";"    44.0";"   114.9";"    -1.0";"    -4.3";"    38.7"
"76";"A048422";"2011JJ00";"  7259.4";"  6679.4";"   147.3";"    10.2";"    37.0";"   385.5";"  7341.4";"  5748.8";"   238.9";"   486.9";"   866.8";"   192.7";"   355.5";"   318.6";"   -81.9";"    15.9";"     0.0";"   -66.0";"  3807.4";"  2367.4";"     2.3";"  2110.7";"  1239.4";"   706.4";"   164.9";"   254.4";"  1440.0";"    18.0";"   311.3";"    50.5";"  1060.1";"  3807.4";"  1653.9";"   476.5";"   348.8";"  1328.2";"   416.5";"   218.4";"   198.2";"    43.4";"   108.4";"    -0.9";"    -6.8";"    35.4"
"77";"A048422";"2012JJ00";"  7537.8";"  6934.6";"   154.2";"    10.7";"    31.6";"   406.6";"  7462.6";"  5855.8";"   269.5";"   472.5";"   864.8";"   189.0";"   353.4";"   322.4";"    75.2";"    18.8";"    -2.1";"    92.0";"  3929.3";"  2333.4";"     1.8";"  2133.9";"  1301.7";"   715.8";"   116.4";"   197.7";"  1595.8";"    18.1";"   309.4";"    50.5";"  1217.9";"  3929.3";"  1771.4";"   456.3";"   372.6";"  1329.0";"   386.0";"   196.7";"   189.4";"    45.1";"   120.1";"     1.2";"    -5.2";"    34.9"
"78";"A048422";"2013JJ00";"  7892.9";"  7290.9";"   156.5";"    11.3";"    30.6";"   403.6";"  7647.9";"  5980.8";"   276.9";"   510.8";"   879.4";"   194.9";"   366.3";"   318.2";"   244.9";"     8.4";"     0.7";"   254.0";"  4223.4";"  2355.7";"     1.5";"  2164.2";"  1291.6";"   702.1";"   170.6";"   190.1";"  1867.6";"    13.1";"   336.2";"    24.9";"  1493.4";"  4223.4";"  2021.6";"   483.5";"   432.1";"  1286.1";"   349.4";"   167.2";"   182.2";"    47.9";"   145.2";"     3.2";"    -2.0";"    37.1"
"79";"A048422";"2014JJ00";"  7907.4";"  7274.5";"   155.7";"     7.8";"    31.5";"   437.9";"  7902.4";"  6183.7";"   277.5";"   505.0";"   936.2";"   205.8";"   366.2";"   364.2";"     5.0";"     9.3";"     0.5";"    14.8";"  4331.9";"  2424.9";"     1.1";"  2219.8";"  1383.1";"   709.9";"   126.7";"   204.0";"  1907.0";"     9.9";"   318.3";"    20.3";"  1558.5";"  4331.9";"  2076.8";"   524.3";"   428.5";"  1302.3";"   335.5";"   156.3";"   179.2";"    47.9";"   146.4";"     0.2";"    -2.0";"    37.3"
"80";"A048422";"2015JJ00";"  8373.6";"  7738.6";"   153.8";"     8.2";"    36.2";"   436.8";"  8259.0";"  6472.4";"   288.4";"   513.4";"   984.8";"   209.3";"   412.6";"   362.8";"   114.6";"    -1.2";"     0.0";"   113.4";"  4543.3";"  2489.0";"     1.2";"  2289.7";"  1427.3";"   694.1";"   168.3";"   198.1";"  2054.3";"     4.6";"   313.8";"    20.5";"  1715.4";"  4543.5";"  2171.5";"   591.0";"   479.6";"  1301.4";"   374.5";"   170.8";"   203.7";"    47.8";"   157.9";"     1.4";"    -1.5";"    37.2"
"81";"A048422";"2016JJ00";"  8642.6";"  8024.9";"   141.2";"     8.3";"    31.9";"   436.4";"  8589.2";"  6737.8";"   291.7";"   534.4";"  1025.4";"   222.7";"   432.0";"   370.7";"    53.3";"    -7.7";"     0.1";"    45.7";"  4615.0";"  2533.0";"     1.7";"  2313.8";"  1463.6";"   716.2";"   134.0";"   217.5";"  2082.0";"     4.2";"   309.8";"    14.5";"  1753.6";"  4615.0";"  2229.7";"   649.0";"   490.4";"  1245.9";"   384.2";"   169.6";"   214.6";"    48.3";"   167.1";"     0.5";"    -1.0";"    36.5"
"82";"A048422";"2017JJ00";"  8897.1";"  8279.4";"   144.0";"    15.3";"    37.0";"   421.4";"  8805.3";"  6969.3";"   291.8";"   525.1";"  1019.1";"   214.9";"   444.0";"   360.2";"    91.8";"    -9.8";"    -0.1";"    81.9";"  4906.2";"  2629.9";"     1.5";"  2368.0";"  1555.0";"   721.1";"    91.9";"   260.4";"  2276.3";"     3.3";"   343.9";"    14.1";"  1915.0";"  4906.6";"  2332.2";"   703.8";"   583.0";"  1287.6";"   368.9";"   170.6";"   198.3";"    47.5";"   176.8";"     0.9";"    -0.4";"    37.7"
"83";"A048422";"2018JJ00";"  9180.1";"  8507.2";"   160.2";"    15.3";"    36.7";"   460.7";"  9055.7";"  7118.6";"   312.0";"   564.9";"  1060.2";"   224.1";"   457.1";"   379.0";"   124.4";"   -12.4";"     0.1";"   112.2";"  5204.0";"  2666.6";"     1.8";"  2392.8";"  1593.3";"   719.8";"    79.7";"   272.0";"  2537.4";"     3.1";"   344.1";"    18.2";"  2172.0";"  5204.2";"  2446.2";"   768.1";"   629.4";"  1360.5";"   371.7";"   160.1";"   211.6";"    47.0";"   186.5";"     1.2";"     0.6";"    39.3"
"84";"A048423";"1998JJ00";"  2389.1";"  1847.9";"   225.9";"    33.1";"   101.2";"   180.9";"  2355.9";"  1675.7";"   148.6";"   200.1";"   331.4";"    93.9";"    73.1";"   164.4";"    33.3";"    -7.6";"     7.6";"    33.3";"  2509.4";"  1798.9";"     0.1";"  1739.2";"  1368.8";"   292.5";"    77.9";"    59.6";"   710.5";"     2.9";"   238.1";"    24.5";"   445.0";"  2509.4";"  1400.4";"   210.4";"   423.7";"   474.8";"   232.0";"   139.0";"    93.0";"    55.8";"   149.6";"     1.4";"   -18.3";"    47.7"
"85";"A048423";"1999JJ00";"  2540.2";"  1936.4";"   255.1";"    38.6";"   126.5";"   183.7";"  2510.9";"  1799.8";"   161.2";"   201.8";"   348.2";"   124.3";"    84.9";"   139.0";"    29.3";"    -8.5";"     8.3";"    29.1";"  2617.9";"  1911.9";"     0.1";"  1852.0";"  1470.9";"   305.1";"    76.0";"    59.9";"   706.0";"     2.8";"   243.2";"    20.7";"   439.3";"  2618.0";"  1435.9";"   231.2";"   448.8";"   502.1";"   267.0";"   158.0";"   109.0";"    54.8";"   140.6";"     1.1";"   -21.5";"    45.2"
"86";"A048423";"2000JJ00";"  2786.6";"  2133.7";"   302.0";"    44.0";"   111.1";"   195.9";"  2715.9";"  1959.0";"   171.3";"   212.0";"   373.7";"   163.9";"   116.4";"    93.4";"    70.7";"    -3.9";"    -2.6";"    64.2";"  2791.8";"  2010.6";"     0.6";"  1929.9";"  1451.0";"   342.3";"   136.6";"    80.0";"   781.3";"     6.7";"   292.7";"     3.2";"   478.6";"  2791.8";"  1431.2";"   305.5";"   471.2";"   584.0";"   285.0";"   184.0";"   101.0";"    51.3";"   133.8";"     2.3";"   -23.4";"    48.1"
"87";"A048423";"2001JJ00";"  2986.0";"  2289.4";"   355.9";"    36.1";"   109.2";"   195.4";"  2903.1";"  2096.1";"   178.2";"   220.5";"   408.3";"   172.5";"   124.1";"   111.7";"    82.9";"    -5.0";"    10.5";"    88.4";"  2960.8";"  2122.5";"     3.0";"  2035.6";"  1582.0";"   353.8";"    99.8";"    83.9";"   838.3";"     4.9";"   289.0";"     8.7";"   535.7";"  2960.8";"  1559.1";"   288.1";"   480.4";"   633.2";"   331.0";"   210.0";"   121.0";"    52.7";"   132.4";"     3.0";"   -20.8";"    46.2"
"88";"A048423";"2002JJ00";"  3346.0";"  2552.5";"   383.7";"    49.7";"   135.6";"   224.5";"  3327.6";"  2399.7";"   196.8";"   247.6";"   483.5";"   192.2";"   163.5";"   127.8";"    18.4";"   -11.2";"    26.0";"    33.2";"  3125.9";"  2284.6";"     2.2";"  2215.3";"  1686.9";"   379.6";"   148.8";"    67.1";"   841.3";"     3.8";"   341.9";"    12.5";"   483.1";"  3125.9";"  1633.1";"   306.8";"   513.6";"   672.4";"   380.1";"   254.2";"   125.9";"    52.2";"   125.1";"     1.0";"   -22.8";"    43.0"
"89";"A048423";"2003JJ00";"  3559.8";"  2666.1";"   457.6";"    45.1";"   157.7";"   233.3";"  3521.3";"  2560.1";"   198.6";"   266.7";"   495.9";"   196.9";"   168.9";"   130.1";"    38.5";"   -14.6";"    13.0";"    37.0";"  3338.8";"  2501.8";"     1.8";"  2434.7";"  1864.5";"   397.5";"   172.7";"    65.3";"   837.0";"     3.2";"   328.8";"     9.0";"   496.0";"  3338.8";"  1709.9";"   318.4";"   596.5";"   714.0";"   503.2";"   371.3";"   131.9";"    51.2";"   117.2";"     1.0";"   -27.2";"    41.4"
"90";"A048423";"2004JJ00";"  3691.5";"  2788.5";"   489.4";"    44.2";"   153.9";"   215.5";"  3578.5";"  2614.3";"   209.5";"   263.8";"   490.9";"   174.5";"   159.6";"   156.8";"   113.0";"   -18.3";"    -4.9";"    89.9";"  3536.1";"  2574.3";"     0.9";"  2512.9";"  1923.0";"   401.5";"   188.4";"    60.5";"   961.8";"     3.0";"   334.4";"     7.3";"   617.1";"  3536.1";"  1780.8";"   365.4";"   678.0";"   711.9";"   411.7";"   288.6";"   123.1";"    50.4";"   135.1";"     2.4";"   -26.3";"    43.7"
"91";"A048423";"2005JJ00";"  3746.5";"  2899.0";"   454.9";"    45.4";"   141.2";"   206.1";"  3644.4";"  2669.3";"   212.5";"   265.9";"   496.7";"   178.3";"   149.5";"   168.9";"   102.1";"   -20.9";"    42.0";"   123.2";"  3690.3";"  2680.0";"     0.5";"  2616.4";"  1941.8";"   400.7";"   273.9";"    63.1";"  1010.3";"     2.8";"   308.8";"    16.3";"   682.4";"  3690.3";"  1879.2";"   398.3";"   748.6";"   664.2";"   402.9";"   288.5";"   114.3";"    50.9";"   152.1";"     3.3";"   -25.4";"    46.7"
"92";"A048423";"2006JJ00";"  3826.3";"  3027.5";"   387.4";"    44.4";"   151.6";"   215.4";"  3730.0";"  2676.4";"   226.3";"   288.7";"   538.5";"   218.3";"   183.7";"   136.5";"    96.3";"   -17.6";"    -1.1";"    77.6";"  4061.7";"  2979.8";"     0.4";"  2921.1";"  2110.8";"   397.8";"   412.5";"    58.3";"  1082.0";"     2.9";"   298.6";"    12.0";"   768.4";"  4061.7";"  1963.0";"   413.2";"   826.1";"   859.4";"   576.7";"   449.2";"   127.5";"    48.3";"   125.9";"     2.0";"   -31.6";"    51.0"
"93";"A048423";"2007JJ00";"  4247.1";"  3433.1";"   290.6";"    51.3";"   220.4";"   251.7";"  4225.8";"  3030.5";"   237.2";"   312.8";"   645.4";"   258.3";"   206.5";"   180.6";"    21.3";"   -14.5";"    13.7";"    20.4";"  4338.4";"  3355.7";"     0.7";"  3294.8";"  2501.9";"   461.2";"   331.8";"    60.2";"   982.8";"     4.8";"   351.2";"     7.4";"   619.4";"  4338.4";"  1996.9";"   439.2";"   889.0";"  1013.2";"   787.7";"   613.9";"   173.8";"    46.0";"    97.0";"     0.5";"   -37.8";"    43.2"
"94";"A048423";"2008JJ00";"  4419.0";"  3564.1";"   295.2";"    47.7";"   212.3";"   299.7";"  4428.4";"  3195.2";"   262.4";"   319.1";"   651.6";"   248.5";"   213.0";"   190.1";"    -9.4";"   -19.7";"     2.6";"   -26.5";"  4578.8";"  3618.4";"     1.6";"  3542.6";"  2711.9";"   482.7";"   348.0";"    74.2";"   960.4";"     4.0";"   338.9";"     7.6";"   609.8";"  4578.8";"  1794.5";"   630.7";"  1085.9";"  1067.7";"   672.1";"   529.1";"   143.0";"    39.2";"    90.0";"    -0.6";"   -49.0";"    42.2"
"95";"A048423";"2009JJ00";"  4530.2";"  3667.7";"   332.2";"    53.1";"   217.7";"   259.5";"  4470.2";"  3242.5";"   267.6";"   339.7";"   620.5";"   239.7";"   215.3";"   165.4";"    60.0";"   -35.4";"     9.2";"    33.8";"  4571.2";"  3649.0";"     2.4";"  3569.6";"  2839.8";"   501.2";"   228.5";"    77.0";"   922.2";"     3.1";"   348.8";"     7.5";"   562.8";"  4571.2";"  1810.3";"   590.8";"  1117.7";"  1052.3";"   434.0";"   304.3";"   129.7";"    39.6";"    87.6";"     0.7";"   -48.0";"    38.2"
"96";"A048423";"2010JJ00";"  4618.2";"  3771.0";"   260.1";"    58.7";"   261.8";"   266.5";"  4557.5";"  3292.6";"   281.8";"   334.3";"   648.8";"   250.3";"   230.6";"   168.0";"    60.8";"   -41.4";"     2.7";"    22.1";"  4686.1";"  3675.6";"     3.8";"  3587.9";"  2884.0";"   498.4";"   205.5";"    83.9";"  1010.5";"     3.3";"   367.9";"    13.1";"   626.2";"  4686.1";"  2194.6";"   236.6";"  1079.7";"  1175.2";"   480.2";"   340.2";"   140.0";"    46.8";"    86.0";"     0.5";"   -36.9";"    39.0"
"97";"A048423";"2011JJ00";"  4619.1";"  3869.0";"   200.3";"    58.5";"   235.3";"   256.0";"  4613.7";"  3321.2";"   322.8";"   341.8";"   628.0";"   244.3";"   233.7";"   150.0";"     5.3";"   -46.3";"     2.6";"   -38.4";"  4781.5";"  3750.4";"     9.2";"  3649.7";"  3001.7";"   490.3";"   157.7";"    91.5";"  1031.1";"     2.9";"   348.1";"    21.9";"   658.1";"  4781.5";"  2176.8";"   249.1";"  1209.4";"  1146.2";"   401.7";"   272.3";"   129.4";"    45.5";"    90.0";"    -0.8";"   -38.1";"    38.5"
"98";"A048423";"2012JJ00";"  4493.3";"  3850.5";"   176.2";"    61.4";"   178.4";"   226.9";"  4428.0";"  3202.3";"   306.9";"   316.2";"   602.6";"   232.4";"   230.0";"   140.3";"    65.3";"   -48.1";"     2.5";"    19.7";"  4394.6";"  3497.4";"     5.3";"  3429.7";"  2879.5";"   452.0";"    98.2";"    62.4";"   897.3";"     2.9";"   267.4";"    17.2";"   609.8";"  4394.6";"  2117.0";"   250.8";"  1107.7";"   919.1";"   351.7";"   230.8";"   120.9";"    48.2";"    97.6";"     0.4";"   -34.1";"    33.7"
"99";"A048423";"2013JJ00";"  4476.8";"  3946.0";"   114.6";"    55.6";"   148.6";"   211.9";"  4330.4";"  3126.6";"   314.8";"   304.2";"   584.7";"   232.9";"   215.7";"   136.1";"   146.4";"   -48.7";"     5.7";"   103.4";"  4575.6";"  3593.7";"     6.4";"  3509.3";"  2962.4";"   434.0";"   112.9";"    78.0";"   981.9";"     3.1";"   222.9";"    12.5";"   743.4";"  4575.6";"  2251.1";"   239.6";"  1198.4";"   886.5";"   276.5";"   173.2";"   103.2";"    49.2";"   110.8";"     2.3";"   -31.9";"    36.0"
"100";"A048423";"2014JJ00";"  4478.7";"  3995.8";"   108.3";"    47.2";"   131.7";"   195.7";"  4355.3";"  3152.4";"   292.9";"   315.5";"   594.5";"   223.1";"   217.8";"   153.7";"   123.5";"   -46.7";"    -4.3";"    72.5";"  4603.6";"  3593.3";"     5.1";"  3507.4";"  2985.2";"   443.1";"    79.1";"    80.7";"  1010.3";"     2.7";"   186.6";"    14.2";"   806.8";"  4603.6";"  2327.8";"   227.6";"  1132.0";"   916.2";"   330.7";"   198.7";"   132.1";"    50.6";"   110.3";"     1.6";"   -29.5";"    36.1"
"101";"A048423";"2015JJ00";"  4744.0";"  4285.1";"    99.2";"    45.0";"   128.5";"   186.1";"  4519.4";"  3307.3";"   292.4";"   324.7";"   595.0";"   222.9";"   224.4";"   147.7";"   224.5";"   -42.9";"     0.7";"   182.3";"  4566.5";"  3476.9";"     6.0";"  3412.5";"  2869.6";"   441.7";"   101.2";"    58.4";"  1089.6";"     2.6";"   165.9";"    13.0";"   908.1";"  4566.5";"  2430.5";"   242.4";"   985.5";"   908.0";"   397.1";"   264.2";"   132.9";"    53.2";"   120.0";"     3.8";"   -22.9";"    35.8"
"102";"A048423";"2016JJ00";"  4878.5";"  4398.1";"    96.9";"    52.7";"   149.8";"   180.9";"  4753.6";"  3521.1";"   286.4";"   336.5";"   609.7";"   221.3";"   232.4";"   156.0";"   124.9";"   -43.5";"     1.0";"    82.4";"  4658.1";"  3497.9";"    12.2";"  3426.0";"  2858.2";"   435.7";"   132.2";"    59.7";"  1160.1";"     3.1";"   178.7";"    13.4";"   964.9";"  4658.1";"  2515.1";"   267.6";"   993.5";"   881.9";"   341.0";"   226.2";"   114.8";"    54.0";"   131.5";"     1.7";"   -20.7";"    36.9"
"103";"A048423";"2017JJ00";"  4932.1";"  4439.1";"    96.5";"    52.1";"   161.1";"   183.3";"  4889.7";"  3654.6";"   295.5";"   338.9";"   600.7";"   218.3";"   238.3";"   144.1";"    42.4";"   -35.5";"    -1.2";"     5.7";"  4703.7";"  3555.2";"    11.5";"  3482.5";"  2893.3";"   437.8";"   151.4";"    61.2";"  1148.5";"     3.1";"   170.8";"    12.9";"   961.7";"  4703.8";"  2519.9";"   299.4";"   972.3";"   912.2";"   369.3";"   250.0";"   119.3";"    53.6";"   125.9";"     0.1";"   -21.7";"    36.7"
"104";"A048423";"2018JJ00";"  5117.3";"  4622.4";"    91.9";"    56.3";"   156.6";"   190.1";"  4994.5";"  3740.1";"   300.6";"   335.5";"   618.3";"   227.4";"   243.7";"   147.2";"   122.8";"   -35.8";"     0.3";"    87.3";"  4811.1";"  3552.6";"    10.3";"  3478.6";"  2920.1";"   431.9";"   126.6";"    63.7";"  1258.5";"     3.0";"   170.8";"    10.3";"  1074.4";"  4811.1";"  2615.1";"   331.2";"   929.1";"   935.7";"   312.6";"   194.9";"   117.7";"    54.4";"   134.5";"     1.7";"   -18.7";"    37.0"
"105";"A048582";"1998JJ00";"  4893.4";"  3309.4";"";"   522.0";"   688.7";"   373.4";"  4823.6";"  3239.1";"   251.6";"   497.3";"   835.5";"       .";"       .";"       .";"    69.8";"    13.6";"    16.7";"   100.0";"  6090.2";"  3827.8";"     9.3";"  3546.2";"  2893.3";"   463.2";"   189.8";"   272.2";"  2262.5";"   445.1";"   586.9";"   225.0";"  1005.5";"  6090.2";"  2941.5";"   645.4";"   843.9";"  1659.3";"   458.0";"   284.1";"   174.0";"    48.3";"   136.4";"     2.0";"   -18.3";"    65.3"
"106";"A048582";"1999JJ00";"  5201.9";"  3496.6";"";"   559.6";"   738.9";"   406.9";"  5116.1";"  3457.0";"   279.6";"   485.8";"   893.6";"       .";"       .";"       .";"    86.0";"     4.5";"     2.1";"    92.7";"  6303.2";"  3961.4";"    10.4";"  3639.2";"  3008.8";"   441.5";"   189.0";"   311.7";"  2341.8";"   444.9";"   603.4";"   259.5";"  1034.0";"  6303.1";"  2995.9";"   669.9";"   867.5";"  1769.7";"   495.2";"   336.6";"   158.6";"    47.5";"   132.3";"     1.8";"   -18.4";"    63.3"
"107";"A048582";"2000JJ00";"  5505.8";"  3658.4";"";"   581.6";"   819.6";"   446.1";"  5447.2";"  3677.7";"   299.5";"   506.6";"   963.5";"       .";"       .";"       .";"    58.7";"    18.7";"    -6.9";"    70.4";"  6314.1";"  4171.7";"     8.1";"  3749.5";"  3057.7";"   470.4";"   221.5";"   414.0";"  2142.5";"   313.1";"   676.6";"   202.6";"   950.1";"  6314.2";"  3029.4";"   648.3";"   860.3";"  1776.2";"   443.9";"   281.7";"   162.2";"    48.0";"   120.6";"     1.3";"   -19.7";"    59.1"
"108";"A048582";"2001JJ00";"  5977.7";"  3946.9";"    14.8";"   613.6";"   880.5";"   521.9";"  5902.2";"  3908.2";"   333.4";"   482.6";"  1178.1";"       .";"       .";"       .";"    75.4";"     8.0";"   -15.6";"    67.9";"  6500.1";"  4378.8";"     7.5";"  3978.4";"  3179.0";"   479.6";"   319.7";"   392.8";"  2121.2";"   120.9";"   785.8";"   150.1";"  1064.3";"  6500.1";"  3034.4";"   719.2";"   900.9";"  1845.6";"   591.5";"   413.1";"   178.5";"    46.7";"   114.9";"     1.1";"   -23.9";"    55.6"
"109";"A048582";"2002JJ00";"  6386.9";"  4146.9";"    12.5";"   648.1";"   990.4";"   589.1";"  6274.8";"  4209.0";"   360.7";"   514.2";"  1190.9";"       .";"       .";"       .";"   112.1";"    -9.2";"    13.5";"   116.3";"  6822.4";"  4679.8";"     8.1";"  4247.1";"  3403.1";"   513.6";"   330.5";"   424.5";"  2142.6";"   105.1";"   820.6";"    74.2";"  1142.7";"  6822.4";"  3148.0";"   744.7";"   859.8";"  2070.0";"   736.1";"   527.8";"   208.2";"    46.1";"   103.5";"     1.8";"   -26.5";"    53.5"
"110";"A048582";"2003JJ00";"  6706.5";"  4328.7";"    32.0";"   707.2";"  1023.8";"   614.8";"  6614.9";"  4461.0";"   379.7";"   526.5";"  1247.7";"       .";"       .";"       .";"    91.7";"     1.0";"   -35.0";"    57.7";"  6844.5";"  4875.0";"    11.0";"  4440.2";"  3332.8";"   537.8";"   569.6";"   423.8";"  1969.5";"    42.2";"   752.0";"    82.5";"  1092.8";"  6844.7";"  3102.7";"   757.6";"   934.4";"  2050.0";"   742.2";"   544.2";"   198.0";"    45.3";"    96.1";"     0.9";"   -30.9";"    52.4"
"111";"A048582";"2004JJ00";"  6984.6";"  4492.8";"    22.8";"   750.9";"  1111.8";"   606.3";"  6872.8";"  4478.2";"   431.4";"   522.9";"  1440.3";"       .";"       .";"       .";"   111.8";"    -5.6";"   -21.1";"    85.0";"  6945.7";"  4999.1";"    11.6";"  4629.1";"  3680.1";"   542.9";"   406.0";"   358.3";"  1946.7";"    34.8";"   746.8";"    25.2";"  1139.9";"  6945.6";"  3198.2";"   756.6";"   934.9";"  2055.8";"   655.0";"   468.8";"   186.2";"    46.0";"    94.7";"     1.2";"   -31.8";"    46.8"
"112";"A048582";"2005JJ00";"  7289.6";"  4677.6";"    22.9";"   796.1";"  1170.0";"   623.1";"  7137.0";"  4642.0";"   444.0";"   546.6";"  1504.5";"       .";"       .";"       .";"   152.7";"   -17.6";"    -5.7";"   129.5";"  7143.2";"  5130.3";"     4.6";"  4782.1";"  3837.1";"   516.4";"   428.7";"   343.6";"  2012.9";"    34.2";"   786.0";"    19.7";"  1173.0";"  7143.3";"  3327.3";"   733.8";"   905.7";"  2176.6";"   654.4";"   484.6";"   169.8";"    46.6";"    92.5";"     1.8";"   -31.1";"    45.4"
"113";"A048582";"2006JJ00";"  7542.7";"  4796.3";"    10.6";"   840.4";"  1228.1";"   667.3";"  7328.4";"  4664.3";"   451.1";"   527.8";"  1685.1";"       .";"       .";"       .";"   214.4";"     4.9";"    -3.5";"   215.8";"  7320.8";"  5361.7";"    10.0";"  5013.0";"  3998.6";"   515.7";"   498.7";"   338.8";"  1959.1";"    53.1";"   857.5";"    23.3";"  1025.3";"  7320.8";"  3529.6";"   691.7";"   840.5";"  2259.1";"   794.7";"   561.2";"   233.6";"    48.2";"    86.7";"     2.9";"   -30.9";"    44.0"
"114";"A048582";"2007JJ00";"  7887.3";"  4993.5";"    11.4";"   872.7";"  1303.4";"   706.2";"  7694.1";"  4966.0";"   452.0";"   546.7";"  1729.4";"       .";"       .";"       .";"   193.1";"    13.8";"   -20.3";"   186.6";"  7566.5";"  5523.4";"    11.8";"  5274.0";"  4057.9";"   544.0";"   672.0";"   237.7";"  2043.1";"    61.5";"   875.3";"    32.4";"  1073.8";"  7566.5";"  3682.2";"   682.4";"   850.2";"  2351.8";"   864.6";"   641.9";"   222.6";"    48.7";"    86.9";"     2.4";"   -31.9";"    44.5"
"115";"A048582";"2008JJ00";"  8613.1";"  5331.4";"    46.4";"   911.7";"  1529.9";"   793.7";"  8434.1";"  5530.2";"   511.6";"   635.3";"  1757.1";"   276.2";"   318.6";"  1162.3";"   178.9";"     2.1";"   -21.2";"   159.9";"  8161.7";"  5874.6";"    18.9";"  5669.0";"  4522.1";"   589.5";"   557.4";"   186.7";"  2287.1";"    22.3";"  1189.9";"    23.2";"  1051.7";"  8161.7";"  3899.6";"   560.3";"   987.8";"  2714.0";"  1099.7";"   872.1";"   227.6";"    47.8";"    84.3";"     1.9";"   -33.2";"    42.3"
"116";"A048582";"2009JJ00";"  9038.6";"  5608.9";"    55.3";"  1012.7";"  1653.3";"   708.5";"  8943.2";"  5984.7";"   502.6";"   658.3";"  1797.4";"   353.6";"   297.9";"  1145.9";"    95.5";"   -19.7";"     1.3";"    77.1";"  8845.7";"  6267.9";"    21.0";"  6058.6";"  4781.1";"   634.1";"   643.4";"   188.4";"  2577.7";"    18.6";"  1286.6";"    37.4";"  1235.0";"  8845.7";"  3993.6";"   563.1";"  1307.5";"  2981.5";"  1018.4";"   781.0";"   237.5";"    45.1";"    86.5";"     0.9";"   -36.8";"    45.0"
"117";"A048582";"2010JJ00";"  9429.0";"  5786.7";"    61.0";"  1112.5";"  1750.8";"   717.9";"  9201.1";"  6264.2";"   542.0";"   654.3";"  1740.6";"   382.1";"   307.3";"  1051.1";"   227.9";"   -37.0";"    -5.8";"   185.1";"  9349.7";"  6413.0";"    17.2";"  6184.1";"  5102.9";"   636.7";"   444.5";"   211.7";"  2936.7";"    15.9";"  1222.9";"    48.0";"  1649.8";"  9349.7";"  4205.0";"   538.4";"  1444.2";"  3162.3";"   738.3";"   533.0";"   205.3";"    45.0";"    92.9";"     2.0";"   -34.2";"    45.0"
"118";"A048582";"2011JJ00";"  9755.9";"  5967.2";"    65.7";"  1175.6";"  1819.1";"   728.4";"  9531.3";"  6469.4";"   601.2";"   693.3";"  1767.5";"   393.6";"   302.5";"  1071.4";"   224.6";"   -41.2";"    -9.9";"   173.5";"  9696.4";"  6494.3";"    16.7";"  6265.1";"  5329.7";"   641.5";"   293.9";"   212.5";"  3202.1";"    14.9";"  1214.0";"    38.9";"  1934.4";"  9696.4";"  4378.7";"   608.2";"  1427.0";"  3282.5";"   794.2";"   589.0";"   205.2";"    45.2";"    97.6";"     1.8";"   -31.6";"    44.8"
"119";"A048582";"2012JJ00";"  9865.5";"  6024.1";"    53.2";"  1239.8";"  1846.6";"   701.7";"  9639.0";"  6607.9";"   601.0";"   679.4";"  1750.8";"   349.6";"   327.0";"  1074.3";"   226.5";"   -47.2";"   -14.7";"   164.5";" 10049.7";"  6588.8";"    51.3";"  6323.5";"  5209.5";"   598.2";"   515.9";"   214.0";"  3460.9";"    14.7";"  1166.5";"    41.1";"  2238.6";" 10049.7";"  4540.7";"   591.4";"  1457.2";"  3460.4";"   732.2";"   548.5";"   183.7";"    45.2";"   100.0";"     1.7";"   -29.6";"    49.1"
"120";"A048582";"2013JJ00";" 10132.5";"  6242.6";"    48.8";"  1300.1";"  1837.9";"   703.0";"  9831.7";"  6800.2";"   595.0";"   684.6";"  1751.8";"   318.3";"   365.7";"  1067.9";"   300.7";"   -41.9";"    -2.2";"   256.6";" 10261.2";"  6752.8";"    59.2";"  6445.9";"  5266.0";"   568.0";"   611.8";"   247.7";"  3508.4";"    14.9";"  1138.6";"    42.5";"  2312.5";" 10261.2";"  4772.3";"   628.4";"  1341.4";"  3519.2";"   784.4";"   615.6";"   168.8";"    46.5";"    99.7";"     2.5";"   -26.8";"    49.3"
"121";"A048582";"2014JJ00";" 10370.3";"  6398.3";"    37.0";"  1346.4";"  1885.8";"   702.7";" 10021.6";"  6928.2";"   649.6";"   705.1";"  1738.7";"   320.4";"   389.0";"  1029.4";"   348.6";"   -45.2";"    -1.8";"   301.6";" 10544.0";"  7015.0";"    69.4";"  6710.2";"  5484.4";"   576.2";"   649.5";"   235.4";"  3529.0";"    13.7";"  1068.2";"    44.3";"  2402.8";" 10544.0";"  5092.5";"   618.3";"  1419.8";"  3413.5";"   914.9";"   714.0";"   200.7";"    48.3";"   103.4";"     2.9";"   -25.3";"    48.8"
"122";"A048582";"2015JJ00";" 10684.4";"  6534.0";"    33.8";"  1420.7";"  2012.3";"   683.8";" 10487.2";"  7253.4";"   629.4";"   738.6";"  1865.7";"   331.7";"   403.3";"  1130.7";"   197.2";"   -25.9";"   -14.6";"   156.7";" 10898.7";"  7234.2";"    70.2";"  6949.6";"  5672.8";"   610.2";"   666.5";"   214.4";"  3664.5";"    13.6";"  1062.2";"    44.5";"  2544.2";" 10898.7";"  5238.7";"   647.7";"  1442.2";"  3570.0";"   888.1";"   665.1";"   222.9";"    48.1";"   102.6";"     1.5";"   -26.2";"    48.9"
"123";"A048582";"2016JJ00";" 10897.7";"  6654.6";"    36.7";"  1474.4";"  2001.9";"   730.1";" 10813.8";"  7523.5";"   683.2";"   712.2";"  1894.8";"   342.3";"   415.8";"  1136.8";"    83.9";"   -38.1";"   -14.8";"    31.0";" 11120.5";"  7310.6";"    68.3";"  7085.4";"  5987.6";"   616.8";"   480.9";"   156.9";"  3809.9";"    11.9";"  1186.8";"    41.6";"  2569.6";" 11120.5";"  5248.3";"   649.0";"  1509.6";"  3713.6";"   817.5";"   625.7";"   191.9";"    47.2";"   102.6";"     0.3";"   -27.6";"    47.1"
"124";"A048582";"2017JJ00";" 11195.9";"  6843.2";"    46.8";"  1543.6";"  2058.6";"   703.7";" 11087.9";"  7839.5";"   679.4";"   694.2";"  1874.8";"   308.1";"   411.7";"  1155.0";"   108.0";"   -44.7";"   -12.4";"    50.9";" 11181.1";"  7425.9";"    61.2";"  7197.1";"  6053.5";"   629.2";"   514.4";"   167.6";"  3755.2";"    10.8";"  1054.1";"    40.5";"  2649.8";" 11181.6";"  5324.2";"   676.7";"  1514.6";"  3666.1";"   777.5";"   591.1";"   186.4";"    47.6";"   102.4";"     0.5";"   -27.4";"    45.8"
"125";"A048582";"2018JJ00";" 11743.3";"  7281.2";"    54.0";"  1568.9";"  2123.6";"   715.6";" 11507.7";"  8133.6";"   690.3";"   741.8";"  1942.0";"   289.2";"   436.4";"  1216.4";"   235.6";"   -55.2";"   -12.5";"   167.9";" 11523.1";"  7504.1";"    56.4";"  7266.7";"  6139.2";"   641.7";"   485.8";"   181.0";"  4019.0";"     9.5";"   988.2";"    34.3";"  2987.0";" 11523.5";"  5505.4";"   756.6";"  1530.8";"  3730.7";"   751.2";"   548.6";"   202.6";"    47.8";"   107.7";"     1.4";"   -24.2";"    45.8"
"126";"A048426";"1998JJ00";"  1718.2";"  1169.6";"";"   322.9";"   120.3";"   105.4";"  1692.9";"  1177.4";"   114.3";"   132.7";"   268.4";"       .";"       .";"       .";"    25.3";"   -29.8";"    -6.8";"   -11.3";"  2116.2";"  1577.3";"     4.3";"  1428.0";"  1127.8";"   227.4";"    72.8";"   145.0";"   539.0";"    13.6";"   208.5";"    17.2";"   299.7";"  2116.2";"   457.6";"   253.0";"   806.0";"   599.6";"   245.7";"   156.2";"    89.6";"    21.6";"    89.9";"    -0.7";"   -83.0";"    57.5"
"127";"A048426";"1999JJ00";"  1837.9";"  1244.5";"";"   349.2";"   125.9";"   118.4";"  1781.7";"  1236.9";"   118.2";"   141.3";"   285.2";"       .";"       .";"       .";"    56.2";"   -33.8";"    -1.0";"    21.4";"  2223.1";"  1616.2";"     5.2";"  1448.0";"  1192.3";"   208.8";"    47.0";"   162.9";"   606.9";"    12.0";"   208.7";"    29.1";"   357.1";"  2223.0";"   487.8";"   281.1";"   800.9";"   653.1";"   220.1";"   155.2";"    64.9";"    21.9";"    92.9";"     1.2";"   -77.2";"    56.1"
"128";"A048426";"2000JJ00";"  1953.5";"  1314.1";"";"   369.7";"   137.2";"   132.4";"  1889.2";"  1308.1";"   127.8";"   146.5";"   307.0";"       .";"       .";"       .";"    64.3";"   -24.9";"    -6.5";"    32.9";"  2257.8";"  1614.9";"     2.9";"  1457.0";"  1207.1";"   216.7";"    33.2";"   155.0";"   643.0";"    10.9";"   236.6";"    25.7";"   369.8";"  2257.9";"   528.2";"   281.0";"   770.2";"   678.6";"   169.4";"   103.0";"    66.4";"    23.4";"    94.8";"     1.7";"   -70.7";"    53.8"
"129";"A048426";"2001JJ00";"  2166.5";"  1475.1";"     7.0";"   386.9";"   148.1";"   149.4";"  2082.4";"  1424.8";"   133.9";"   156.6";"   367.2";"       .";"       .";"       .";"    84.0";"   -29.4";"    14.7";"    69.4";"  2356.3";"  1631.7";"     1.9";"  1500.3";"  1214.2";"   209.2";"    76.8";"   129.5";"   724.5";"     7.5";"   244.2";"    18.8";"   454.0";"  2356.3";"   586.0";"   290.0";"   749.5";"   730.9";"   205.8";"   126.9";"    78.9";"    24.9";"    99.1";"     3.2";"   -62.0";"    52.7"
"130";"A048426";"2002JJ00";"  2320.9";"  1586.7";"     4.3";"   404.8";"   151.8";"   173.3";"  2219.5";"  1534.1";"   144.1";"   170.1";"   371.2";"       .";"       .";"       .";"   101.5";"   -27.6";"    38.7";"   112.5";"  2468.1";"  1715.9";"     1.5";"  1544.2";"  1226.1";"   219.6";"    98.6";"   170.1";"   752.3";"    10.1";"   231.5";"     5.6";"   505.1";"  2468.1";"   712.7";"   292.3";"   715.6";"   747.5";"   233.2";"   140.3";"    92.9";"    28.9";"   100.6";"     4.8";"   -52.4";"    53.5"
"131";"A048426";"2003JJ00";"  2447.9";"  1634.5";"    23.9";"   434.2";"   174.3";"   181.0";"  2377.1";"  1665.2";"   147.4";"   176.0";"   388.5";"       .";"       .";"       .";"    70.9";"   -22.6";"    -6.3";"    41.9";"  2557.3";"  1809.0";"     1.4";"  1635.8";"  1228.7";"   252.4";"   154.7";"   171.8";"   748.3";"     9.0";"   257.3";"    45.9";"   436.1";"  2557.4";"   770.0";"   269.0";"   680.1";"   838.2";"   249.0";"   139.2";"   109.8";"    30.1";"    89.3";"     1.7";"   -53.0";"    54.3"
"132";"A048426";"2004JJ00";"  2579.8";"  1738.9";"    15.1";"   454.8";"   185.6";"   185.4";"  2521.1";"  1761.1";"   164.8";"   189.3";"   405.9";"       .";"       .";"       .";"    58.7";"   -21.6";"     3.4";"    40.4";"  2651.4";"  1906.8";"     1.9";"  1733.8";"  1414.4";"   259.3";"    60.1";"   171.0";"   744.7";"     8.7";"   263.9";"    10.5";"   461.5";"  2651.4";"   831.9";"   290.9";"   660.7";"   867.9";"   258.7";"   165.6";"    93.1";"    31.4";"    85.8";"     1.6";"   -51.9";"    47.9"
"133";"A048426";"2005JJ00";"  2715.3";"  1836.3";"    15.3";"   482.6";"   200.9";"   180.3";"  2602.2";"  1824.0";"   180.2";"   195.7";"   402.2";"       .";"       .";"       .";"   113.2";"   -28.2";"     4.9";"    89.9";"  2763.0";"  1906.0";"     2.9";"  1751.6";"  1391.8";"   238.9";"   121.0";"   151.5";"   857.0";"    10.7";"   296.4";"     9.8";"   540.2";"  2763.0";"   924.7";"   282.9";"   660.5";"   894.9";"   263.5";"   182.6";"    80.9";"    33.5";"    95.8";"     3.3";"   -45.0";"    50.5"
"134";"A048426";"2006JJ00";"  2802.7";"  1875.7";"     3.4";"   509.8";"   214.8";"   199.0";"  2723.3";"  1904.2";"   175.5";"   188.0";"   455.6";"       .";"       .";"       .";"    79.4";"   -14.4";"     3.4";"    68.4";"  2733.7";"  1992.8";"     2.0";"  1871.3";"  1452.0";"   243.1";"   176.2";"   119.5";"   740.9";"    16.0";"   317.5";"    11.1";"   396.4";"  2733.7";"   982.2";"   237.8";"   586.9";"   926.8";"   309.9";"   219.3";"    90.7";"    35.9";"    79.9";"     2.4";"   -47.4";"    45.7"
"135";"A048426";"2007JJ00";"  2931.2";"  1985.1";"     4.3";"   528.5";"   217.0";"   196.2";"  2861.4";"  2052.6";"   169.2";"   200.2";"   439.4";"       .";"       .";"       .";"    69.8";"   -13.5";"   -18.0";"    38.3";"  2773.6";"  2064.2";"     1.7";"  1975.8";"  1494.4";"   256.2";"   225.2";"    86.8";"   709.4";"    12.1";"   313.7";"     9.1";"   374.5";"  2773.6";"   992.8";"   245.4";"   585.0";"   950.5";"   353.4";"   257.1";"    96.3";"    35.8";"    74.6";"     1.3";"   -49.5";"    43.6"
"136";"A048426";"2008JJ00";"  3139.6";"  2133.8";"    29.2";"   554.9";"   230.9";"   190.7";"  3100.4";"  2221.7";"   184.1";"   219.1";"   475.5";"   196.4";"    92.5";"   186.7";"    39.1";"   -14.4";"     0.5";"    25.3";"  2936.2";"  2217.2";"     3.2";"  2172.7";"  1719.2";"   276.5";"   177.0";"    41.3";"   719.0";"     6.6";"   320.6";"     1.3";"   390.5";"  2936.2";"  1061.4";"   180.7";"   676.5";"  1017.6";"   485.8";"   385.9";"    99.9";"    36.1";"    70.7";"     0.8";"   -52.1";"    38.8"
"137";"A048426";"2009JJ00";"  3300.9";"  2268.8";"    36.3";"   591.4";"   217.2";"   187.3";"  3236.7";"  2341.8";"   190.0";"   215.4";"   489.5";"   183.5";"    93.8";"   212.1";"    64.2";"   -23.6";"     6.5";"    47.1";"  3158.9";"  2341.8";"     2.7";"  2297.9";"  1810.0";"   301.0";"   186.9";"    41.2";"   817.1";"     4.4";"   337.5";"     1.7";"   473.4";"  3158.9";"  1110.1";"   171.2";"   811.5";"  1066.1";"   380.6";"   274.0";"   106.7";"    35.1";"    76.6";"     1.4";"   -52.4";"    40.9"
"138";"A048426";"2010JJ00";"  3528.5";"  2432.2";"    41.4";"   646.7";"   224.3";"   183.8";"  3364.5";"  2441.9";"   209.7";"   221.4";"   491.5";"   189.8";"   110.2";"   191.5";"   164.0";"   -30.7";"     0.8";"   134.1";"  3413.7";"  2339.7";"     2.6";"  2301.7";"  1897.2";"   288.4";"   116.1";"    35.4";"  1074.0";"     3.5";"   318.0";"     5.9";"   746.6";"  3413.7";"  1257.7";"   155.7";"   886.3";"  1114.1";"   247.1";"   164.5";"    82.6";"    36.8";"    96.4";"     3.8";"   -42.9";"    43.0"
"139";"A048426";"2011JJ00";"  3656.2";"  2525.4";"    46.4";"   685.8";"   219.3";"   179.3";"  3526.3";"  2593.9";"   200.5";"   221.8";"   510.1";"   195.3";"   115.7";"   199.1";"   129.9";"   -32.6";"    -0.7";"    96.6";"  3520.7";"  2347.9";"     3.6";"  2322.8";"  1995.7";"   306.4";"    20.7";"    21.4";"  1172.9";"     3.6";"   314.9";"     2.5";"   851.9";"  3520.7";"  1355.2";"   176.3";"   858.9";"  1130.3";"   249.2";"   152.3";"    96.9";"    38.5";"   103.8";"     2.6";"   -38.3";"    41.7"
"140";"A048426";"2012JJ00";"  3685.2";"  2559.0";"    37.6";"   719.0";"   197.1";"   172.6";"  3598.1";"  2683.8";"   214.0";"   224.9";"   475.4";"   163.4";"   109.7";"   202.3";"    87.1";"   -25.2";"    -1.1";"    60.8";"  3477.9";"  2359.3";"    19.6";"  2310.6";"  1909.8";"   286.9";"   114.0";"    29.0";"  1118.5";"     3.6";"   310.2";"     2.6";"   802.1";"  3477.9";"  1416.3";"   168.3";"   789.0";"  1104.3";"   251.6";"   169.4";"    82.3";"    40.7";"   101.3";"     1.7";"   -34.9";"    42.6"
"141";"A048426";"2013JJ00";"  3827.2";"  2657.8";"    32.5";"   759.5";"   181.0";"   196.3";"  3690.9";"  2760.4";"   210.7";"   228.6";"   491.1";"   159.0";"   117.1";"   215.1";"   136.3";"   -28.3";"    -0.2";"   107.8";"  3560.1";"  2389.2";"    17.2";"  2347.3";"  1898.0";"   281.7";"   167.6";"    24.7";"  1170.9";"     5.1";"   312.6";"     2.5";"   850.8";"  3560.1";"  1529.5";"   186.7";"   711.7";"  1132.3";"   246.3";"   170.6";"    75.7";"    43.0";"   103.4";"     2.8";"   -30.8";"    43.4"
"142";"A048426";"2014JJ00";"  3997.1";"  2772.3";"    34.3";"   810.5";"   173.6";"   206.3";"  3815.0";"  2849.6";"   247.5";"   236.9";"   481.0";"   162.2";"   124.1";"   194.7";"   182.0";"   -22.8";"    -0.6";"   158.6";"  3691.1";"  2410.6";"    13.0";"  2374.1";"  1913.7";"   286.7";"   173.7";"    23.5";"  1280.4";"     3.3";"   326.9";"     2.4";"   947.8";"  3691.1";"  1708.9";"   182.4";"   686.9";"  1112.9";"   293.2";"   199.3";"    93.8";"    46.3";"   115.1";"     4.0";"   -24.0";"    44.5"
"143";"A048426";"2015JJ00";"  4045.6";"  2837.3";"    32.4";"   841.2";"   174.3";"   160.5";"  3996.6";"  3002.2";"   225.5";"   238.1";"   530.7";"   170.9";"   137.9";"   221.9";"    49.0";"   -24.4";"    -1.1";"    23.5";"  3741.4";"  2479.6";"     6.3";"  2447.2";"  2058.7";"   308.9";"    79.6";"    26.1";"  1261.8";"     2.4";"   315.8";"     2.7";"   940.9";"  3741.4";"  1728.8";"   198.3";"   667.6";"  1146.7";"   334.8";"   228.6";"   106.2";"    46.2";"   110.0";"     0.6";"   -25.3";"    41.6"
"144";"A048426";"2016JJ00";"  4094.8";"  2852.2";"    35.8";"   860.8";"   181.8";"   164.1";"  4160.1";"  3142.9";"   239.8";"   233.1";"   544.3";"   174.3";"   141.7";"   228.3";"   -65.3";"   -25.9";"    -0.5";"   -91.7";"  3737.4";"  2532.8";"    10.6";"  2501.0";"  2093.3";"   309.8";"    97.8";"    21.2";"  1204.6";"     1.1";"   315.0";"     2.2";"   886.2";"  3737.4";"  1639.3";"   202.0";"   731.8";"  1164.3";"   328.3";"   236.7";"    91.7";"    43.9";"   103.5";"    -2.2";"   -30.2";"    40.2"
"145";"A048426";"2017JJ00";"  4239.1";"  2942.3";"    46.0";"   887.0";"   193.6";"   170.2";"  4224.1";"  3229.3";"   239.9";"   231.7";"   523.2";"   167.5";"   140.6";"   215.1";"    15.0";"   -26.0";"    -1.1";"   -12.6";"  3653.7";"  2534.7";"    10.0";"  2500.9";"  2138.7";"   300.5";"    61.7";"    23.8";"  1119.0";"     1.5";"   151.7";"     0.9";"   964.9";"  3654.0";"  1622.6";"   243.5";"   741.1";"  1046.8";"   255.4";"   175.3";"    80.1";"    44.4";"   106.9";"    -0.3";"   -29.9";"    35.7"
"146";"A048426";"2018JJ00";"  4455.6";"  3160.2";"    53.3";"   877.8";"   198.8";"   165.5";"  4317.5";"  3308.6";"   245.8";"   230.4";"   532.7";"   170.9";"   145.1";"   216.7";"   138.1";"   -24.9";"    -0.9";"   112.0";"  3865.5";"  2583.0";"     7.7";"  2537.1";"  2144.9";"   290.7";"   101.5";"    38.2";"  1282.5";"     1.5";"   153.3";"     0.2";"  1127.5";"  3865.7";"  1744.6";"   271.6";"   768.6";"  1080.9";"   292.8";"   211.9";"    80.9";"    45.1";"   118.7";"     2.5";"   -25.1";"    38.6"
"147";"A048427";"1998JJ00";"  3175.2";"  2139.8";"";"   199.1";"   568.3";"   268.0";"  3130.7";"  2061.7";"   137.3";"   364.6";"   567.1";"       .";"       .";"       .";"    44.5";"    43.4";"    23.5";"   111.3";"  3974.0";"  2250.5";"     5.0";"  2118.2";"  1765.5";"   235.8";"   117.0";"   127.2";"  1723.5";"   431.5";"   378.4";"   207.8";"   705.8";"  3974.0";"  2483.9";"   392.4";"    37.9";"  1059.7";"   212.3";"   127.9";"    84.4";"    62.5";"   162.6";"     3.5";"    17.1";"    69.6"
"148";"A048427";"1999JJ00";"  3364.0";"  2252.1";"";"   210.4";"   613.0";"   288.5";"  3334.4";"  2220.1";"   161.4";"   344.5";"   608.4";"       .";"       .";"       .";"    29.7";"    38.3";"     3.1";"    71.2";"  4080.1";"  2345.2";"     5.2";"  2191.2";"  1816.5";"   232.7";"   142.0";"   148.8";"  1734.9";"   432.9";"   394.7";"   230.4";"   676.9";"  4080.1";"  2508.1";"   388.8";"    66.6";"  1116.6";"   275.1";"   181.4";"    93.7";"    61.5";"   155.4";"     2.1";"    14.1";"    67.3"
"149";"A048427";"2000JJ00";"  3552.3";"  2344.3";"";"   211.9";"   682.4";"   313.7";"  3558.0";"  2369.6";"   171.7";"   360.1";"   656.6";"       .";"       .";"       .";"    -5.6";"    43.6";"    -0.4";"    37.5";"  4056.3";"  2556.8";"     5.2";"  2292.5";"  1850.6";"   253.7";"   188.3";"   259.1";"  1499.5";"   302.2";"   440.0";"   176.9";"   580.3";"  4056.3";"  2501.2";"   367.3";"    90.1";"  1097.6";"   274.5";"   178.7";"    95.8";"    61.7";"   136.6";"     1.1";"     8.9";"    62.1"
"150";"A048427";"2001JJ00";"  3811.2";"  2471.8";"     7.8";"   226.7";"   732.4";"   372.5";"  3819.8";"  2483.4";"   199.5";"   326.0";"   810.9";"       .";"       .";"       .";"    -8.6";"    37.4";"   -30.3";"    -1.5";"  4143.8";"  2747.1";"     5.6";"  2478.2";"  1964.8";"   270.4";"   242.9";"   263.3";"  1396.7";"   113.4";"   541.6";"   131.3";"   610.3";"  4143.8";"  2448.4";"   429.2";"   151.5";"  1114.7";"   385.7";"   286.2";"    99.6";"    59.1";"   125.3";"     0.0";"    -1.2";"    57.2"
"151";"A048427";"2002JJ00";"  4066.0";"  2560.2";"     8.2";"   243.3";"   838.6";"   415.7";"  4055.3";"  2674.9";"   216.6";"   344.1";"   819.7";"       .";"       .";"       .";"    10.7";"    18.4";"   -25.2";"     3.8";"  4354.3";"  2963.9";"     6.6";"  2702.9";"  2177.0";"   294.0";"   231.9";"   254.4";"  1390.3";"    95.0";"   589.1";"    68.6";"   637.6";"  4354.3";"  2435.3";"   452.4";"   144.2";"  1322.5";"   502.9";"   387.5";"   115.3";"    55.9";"   105.1";"     0.1";"   -10.5";"    53.5"
"152";"A048427";"2003JJ00";"  4258.6";"  2694.2";"     8.1";"   273.0";"   849.5";"   433.8";"  4237.8";"  2795.8";"   232.3";"   350.5";"   859.2";"       .";"       .";"       .";"    20.9";"    23.6";"   -28.7";"    15.8";"  4287.2";"  3066.0";"     9.6";"  2804.4";"  2104.1";"   285.4";"   414.9";"   252.0";"  1221.2";"    33.2";"   494.6";"    36.6";"   656.7";"  4287.3";"  2332.7";"   488.6";"   254.3";"  1211.8";"   493.2";"   405.0";"    88.2";"    54.4";"   100.8";"     0.4";"   -17.5";"    51.3"
"153";"A048427";"2004JJ00";"  4404.8";"  2753.9";"     7.7";"   296.1";"   926.2";"   420.9";"  4351.7";"  2717.1";"   266.6";"   333.6";"  1034.4";"       .";"       .";"       .";"    53.1";"    16.0";"   -24.5";"    44.5";"  4294.3";"  3092.3";"     9.7";"  2895.3";"  2265.7";"   283.6";"   345.9";"   187.3";"  1202.0";"    26.1";"   482.9";"    14.7";"   678.4";"  4294.2";"  2366.3";"   465.7";"   274.2";"  1187.9";"   396.3";"   303.2";"    93.1";"    55.1";"   101.2";"     1.0";"   -19.2";"    46.1"
"154";"A048427";"2005JJ00";"  4574.3";"  2841.3";"     7.6";"   313.5";"   969.1";"   442.8";"  4534.8";"  2818.0";"   263.7";"   350.9";"  1102.3";"       .";"       .";"       .";"    39.5";"    10.6";"   -10.6";"    39.6";"  4380.2";"  3224.3";"     1.7";"  3030.5";"  2445.3";"   277.5";"   307.7";"   192.1";"  1155.9";"    23.5";"   489.6";"     9.9";"   632.8";"  4380.3";"  2402.6";"   450.9";"   245.2";"  1281.7";"   390.9";"   302.0";"    88.9";"    54.9";"    90.2";"     0.9";"   -22.1";"    42.3"
"155";"A048427";"2006JJ00";"  4740.0";"  2920.6";"     7.2";"   330.6";"  1013.3";"   468.3";"  4605.1";"  2760.2";"   275.6";"   339.8";"  1229.5";"       .";"       .";"       .";"   135.0";"    19.3";"    -6.9";"   147.4";"  4587.1";"  3368.9";"     8.0";"  3141.7";"  2546.6";"   272.6";"   322.5";"   219.3";"  1218.2";"    37.1";"   540.0";"    12.2";"   628.9";"  4587.1";"  2547.4";"   453.9";"   253.6";"  1332.3";"   484.8";"   341.9";"   142.9";"    55.5";"    91.4";"     3.1";"   -20.3";"    43.0"
"156";"A048427";"2007JJ00";"  4956.1";"  3008.4";"     7.1";"   344.2";"  1086.4";"   510.0";"  4832.7";"  2913.4";"   282.8";"   346.5";"  1290.0";"   109.7";"   318.8";"   861.5";"   123.3";"    27.3";"    -2.3";"   148.3";"  4792.9";"  3459.1";"    10.1";"  3298.2";"  2563.5";"   287.8";"   446.8";"   150.9";"  1333.7";"    49.4";"   561.7";"    23.3";"   699.3";"  4792.9";"  2689.4";"   437.0";"   265.1";"  1401.3";"   511.2";"   384.8";"   126.3";"    56.1";"    95.2";"     3.0";"   -20.2";"    45.0"
"157";"A048427";"2008JJ00";"  5473.5";"  3197.6";"    17.2";"   356.8";"  1299.0";"   603.0";"  5333.7";"  3308.5";"   327.5";"   416.2";"  1281.5";"    79.8";"   226.1";"   975.6";"   139.8";"    16.5";"   -21.7";"   134.6";"  5225.5";"  3657.4";"    15.7";"  3496.3";"  2802.9";"   313.0";"   380.4";"   145.4";"  1568.1";"    15.7";"   869.3";"    21.9";"   661.2";"  5225.5";"  2838.2";"   379.6";"   311.3";"  1696.4";"   613.9";"   486.2";"   127.7";"    54.3";"    92.4";"     2.5";"   -20.6";"    44.3"
"158";"A048427";"2009JJ00";"  5737.7";"  3340.1";"    19.0";"   421.3";"  1436.1";"   521.2";"  5706.5";"  3642.9";"   312.6";"   442.9";"  1307.9";"   170.1";"   204.1";"   933.8";"    31.3";"     3.9";"    -5.2";"    30.0";"  5686.8";"  3926.1";"    18.3";"  3760.7";"  2971.1";"   333.1";"   456.5";"   147.2";"  1760.6";"    14.2";"   949.1";"    35.7";"   761.6";"  5686.8";"  2883.5";"   391.9";"   496.0";"  1915.4";"   637.8";"   507.0";"   130.8";"    50.7";"    91.9";"     0.5";"   -26.3";"    47.3"
"159";"A048427";"2010JJ00";"  5900.5";"  3354.5";"    19.6";"   465.8";"  1526.5";"   534.1";"  5836.6";"  3822.3";"   332.3";"   432.9";"  1249.1";"   192.3";"   197.1";"   859.6";"    63.9";"    -6.3";"    -6.6";"    51.0";"  5936.0";"  4073.3";"    14.6";"  3882.4";"  3205.7";"   348.3";"   328.4";"   176.3";"  1862.7";"    12.4";"   904.9";"    42.1";"   903.2";"  5936.0";"  2947.3";"   382.7";"   557.9";"  2048.2";"   491.2";"   368.5";"   122.7";"    49.7";"    90.9";"     0.9";"   -27.9";"    46.3"
"160";"A048427";"2011JJ00";"  6099.7";"  3441.8";"    19.3";"   489.8";"  1599.8";"   549.1";"  6005.0";"  3875.5";"   400.7";"   471.5";"  1257.4";"   198.3";"   186.8";"   872.3";"    94.7";"    -8.6";"    -9.2";"    76.9";"  6175.7";"  4146.4";"    13.1";"  3942.3";"  3334.0";"   335.1";"   273.2";"   191.0";"  2029.3";"    11.3";"   899.1";"    36.4";"  1082.5";"  6175.7";"  3023.4";"   431.9";"   568.1";"  2152.1";"   545.0";"   436.7";"   108.3";"    49.0";"    94.3";"     1.3";"   -26.7";"    46.6"
"161";"A048427";"2012JJ00";"  6180.3";"  3465.1";"    15.7";"   520.8";"  1649.5";"   529.2";"  6040.9";"  3924.0";"   387.0";"   454.5";"  1275.5";"   186.2";"   217.3";"   872.0";"   139.4";"   -22.1";"   -13.6";"   103.7";"  6571.8";"  4229.5";"    31.6";"  4012.9";"  3299.7";"   311.3";"   401.8";"   185.0";"  2342.3";"    11.1";"   856.2";"    38.5";"  1436.5";"  6571.8";"  3124.4";"   423.1";"   668.2";"  2356.1";"   480.6";"   379.2";"   101.4";"    47.5";"    99.4";"     1.7";"   -25.6";"    52.9"
"162";"A048427";"2013JJ00";"  6305.3";"  3584.8";"    16.3";"   540.6";"  1656.9";"   506.7";"  6140.8";"  4039.8";"   384.3";"   456.0";"  1260.7";"   159.3";"   248.6";"   852.8";"   164.4";"   -13.6";"    -2.0";"   148.8";"  6701.1";"  4363.6";"    42.0";"  4098.6";"  3368.0";"   286.3";"   444.2";"   223.0";"  2337.5";"     9.8";"   826.0";"    40.0";"  1461.7";"  6701.1";"  3242.8";"   441.7";"   629.7";"  2386.9";"   538.1";"   445.0";"    93.1";"    48.4";"    97.9";"     2.4";"   -23.9";"    52.9"
"163";"A048427";"2014JJ00";"  6373.2";"  3626.0";"     2.7";"   535.9";"  1712.2";"   496.4";"  6206.6";"  4078.6";"   402.1";"   468.2";"  1257.7";"   158.2";"   264.9";"   834.7";"   166.6";"   -22.4";"    -1.2";"   143.0";"  6852.9";"  4604.4";"    56.4";"  4336.1";"  3570.7";"   289.5";"   475.8";"   211.9";"  2248.6";"    10.4";"   741.3";"    41.9";"  1455.0";"  6852.9";"  3383.6";"   435.9";"   732.9";"  2300.6";"   621.7";"   514.7";"   106.9";"    49.4";"    97.7";"     2.2";"   -26.3";"    51.5"
"164";"A048427";"2015JJ00";"  6638.8";"  3696.7";"     1.4";"   579.5";"  1838.0";"   523.3";"  6490.6";"  4251.2";"   403.9";"   500.5";"  1335.0";"   160.8";"   265.4";"   908.8";"   148.2";"    -1.5";"   -13.5";"   133.2";"  7157.3";"  4754.6";"    63.9";"  4502.4";"  3614.1";"   301.3";"   586.9";"   188.3";"  2402.7";"    11.2";"   746.4";"    41.8";"  1603.3";"  7157.3";"  3509.9";"   449.4";"   774.6";"  2423.3";"   553.3";"   436.5";"   116.7";"    49.0";"    99.1";"     2.0";"   -26.8";"    53.4"
"165";"A048427";"2016JJ00";"  6802.9";"  3802.4";"     0.9";"   613.6";"  1820.1";"   566.0";"  6653.7";"  4380.6";"   443.4";"   479.1";"  1350.5";"   168.0";"   274.1";"   908.5";"   149.2";"   -12.2";"   -14.2";"   122.7";"  7383.1";"  4777.8";"    57.7";"  4584.4";"  3894.3";"   307.0";"   383.1";"   135.7";"  2605.3";"    10.8";"   871.8";"    39.4";"  1683.4";"  7383.1";"  3609.0";"   447.0";"   777.8";"  2549.3";"   489.2";"   389.0";"   100.2";"    48.9";"   102.2";"     1.8";"   -25.7";"    51.3"
"166";"A048427";"2017JJ00";"  6956.8";"  3900.9";"     0.8";"   656.6";"  1865.0";"   533.5";"  6863.8";"  4610.2";"   439.5";"   462.5";"  1351.6";"   140.6";"   271.1";"   939.9";"    93.0";"   -18.7";"    18.0";"    63.5";"  7527.4";"  4891.2";"    51.2";"  4696.2";"  3914.8";"   328.7";"   452.7";"   143.8";"  2636.2";"     9.3";"   902.4";"    39.6";"  1684.9";"  7527.6";"  3701.6";"   433.2";"   773.5";"  2619.3";"   522.1";"   415.8";"   106.3";"    49.2";"   100.6";"     0.9";"   -25.5";"    51.9"
"167";"A048427";"2018JJ00";"  7287.7";"  4121.0";"     0.7";"   691.1";"  1924.8";"   550.1";"  7190.2";"  4825.0";"   444.5";"   511.4";"  1409.3";"   118.3";"   291.3";"   999.7";"    97.5";"   -30.3";"    19.7";"    55.9";"  7657.6";"  4921.1";"    48.7";"  4729.6";"  3994.3";"   351.0";"   384.3";"   142.8";"  2736.5";"     8.0";"   834.9";"    34.1";"  1859.5";"  7657.8";"  3760.8";"   485.0";"   762.2";"  2649.8";"   458.4";"   336.7";"   121.7";"    49.1";"   103.3";"     0.8";"   -23.5";"    50.3"
"168";"A048419";"1998JJ00";"       .";"       .";"       .";"       .";"       .";"       .";"       .";"       .";"       .";"       .";"       .";"       .";"       .";"       .";"       .";"       .";"       .";"       .";"       .";"       .";"       .";"       .";"       .";"       .";"       .";"       .";"       .";"       .";"       .";"       .";"       .";"       .";"       .";"       .";"       .";"       .";"       .";"       .";"       .";"       .";"       .";"       .";"       .";"       ."
"169";"A048419";"1999JJ00";"       .";"       .";"       .";"       .";"       .";"       .";"       .";"       .";"       .";"       .";"       .";"       .";"       .";"       .";"       .";"       .";"       .";"       .";"       .";"       .";"       .";"       .";"       .";"       .";"       .";"       .";"       .";"       .";"       .";"       .";"       .";"       .";"       .";"       .";"       .";"       .";"       .";"       .";"       .";"       .";"       .";"       .";"       .";"       ."
"170";"A048419";"2000JJ00";"       .";"       .";"       .";"       .";"       .";"       .";"       .";"       .";"       .";"       .";"       .";"       .";"       .";"       .";"       .";"       .";"       .";"       .";"       .";"       .";"       .";"       .";"       .";"       .";"       .";"       .";"       .";"       .";"       .";"       .";"       .";"       .";"       .";"       .";"       .";"       .";"       .";"       .";"       .";"       .";"       .";"       .";"       .";"       ."
"171";"A048419";"2001JJ00";"       .";"       .";"       .";"       .";"       .";"       .";"       .";"       .";"       .";"       .";"       .";"       .";"       .";"       .";"       .";"       .";"       .";"       .";"       .";"       .";"       .";"       .";"       .";"       .";"       .";"       .";"       .";"       .";"       .";"       .";"       .";"       .";"       .";"       .";"       .";"       .";"       .";"       .";"       .";"       .";"       .";"       .";"       .";"       ."
"172";"A048419";"2002JJ00";"       .";"       .";"       .";"       .";"       .";"       .";"       .";"       .";"       .";"       .";"       .";"       .";"       .";"       .";"       .";"       .";"       .";"       .";"       .";"       .";"       .";"       .";"       .";"       .";"       .";"       .";"       .";"       .";"       .";"       .";"       .";"       .";"       .";"       .";"       .";"       .";"       .";"       .";"       .";"       .";"       .";"       .";"       .";"       ."
"173";"A048419";"2003JJ00";"       .";"       .";"       .";"       .";"       .";"       .";"       .";"       .";"       .";"       .";"       .";"       .";"       .";"       .";"       .";"       .";"       .";"       .";"       .";"       .";"       .";"       .";"       .";"       .";"       .";"       .";"       .";"       .";"       .";"       .";"       .";"       .";"       .";"       .";"       .";"       .";"       .";"       .";"       .";"       .";"       .";"       .";"       .";"       ."
"174";"A048419";"2004JJ00";"       .";"       .";"       .";"       .";"       .";"       .";"       .";"       .";"       .";"       .";"       .";"       .";"       .";"       .";"       .";"       .";"       .";"       .";"       .";"       .";"       .";"       .";"       .";"       .";"       .";"       .";"       .";"       .";"       .";"       .";"       .";"       .";"       .";"       .";"       .";"       .";"       .";"       .";"       .";"       .";"       .";"       .";"       .";"       ."
"175";"A048419";"2005JJ00";"       .";"       .";"       .";"       .";"       .";"       .";"       .";"       .";"       .";"       .";"       .";"       .";"       .";"       .";"       .";"       .";"       .";"       .";"       .";"       .";"       .";"       .";"       .";"       .";"       .";"       .";"       .";"       .";"       .";"       .";"       .";"       .";"       .";"       .";"       .";"       .";"       .";"       .";"       .";"       .";"       .";"       .";"       .";"       ."
"176";"A048419";"2006JJ00";"  1169.7";"  1092.4";"    27.9";"     0.0";"     2.1";"    47.3";"  1125.1";"   974.5";"    13.2";"    56.1";"    81.3";"    32.9";"    25.1";"    23.4";"    44.6";"     5.7";"    -0.5";"    49.8";"   469.5";"   114.9";"     0.0";"    87.4";"    21.5";"    48.3";"    17.5";"    27.5";"   354.6";"     0.1";"   115.8";"     4.5";"   234.1";"   469.5";"   268.9";"    57.7";"     6.8";"   136.0";"    38.4";"    11.8";"    26.5";"    57.3";"   260.7";"     4.3";"    16.6";"    38.3"
"177";"A048419";"2007JJ00";"  1347.4";"  1192.4";"    30.5";"     0.0";"     7.7";"   116.8";"  1300.3";"  1098.0";"    18.1";"    69.2";"   115.1";"    39.5";"    28.6";"    47.0";"    47.1";"     8.8";"     0.5";"    56.5";"   631.6";"   150.8";"     0.0";"   128.9";"    32.3";"    55.4";"    41.2";"    21.9";"   480.8";"     0.1";"   150.2";"     1.0";"   329.6";"   631.6";"   340.0";"    79.1";"    19.9";"   192.7";"    32.5";"    10.3";"    22.2";"    53.8";"   249.5";"     4.2";"    17.7";"    44.5"
"178";"A048419";"2008JJ00";"  1460.1";"  1295.9";"    33.5";"     0.8";"     7.0";"   122.9";"  1436.1";"  1219.4";"    20.6";"    72.9";"   123.1";"    40.6";"    32.7";"    49.8";"    24.0";"    10.8";"     0.0";"    34.9";"   675.2";"   164.6";"     0.0";"   142.8";"    53.5";"    69.8";"    19.5";"    21.7";"   510.5";"     0.0";"   171.7";"     1.2";"   337.5";"   675.2";"   366.5";"    85.3";"    20.2";"   203.2";"    39.1";"    10.9";"    28.2";"    54.3";"   251.2";"     2.4";"    17.3";"    42.6"
"179";"A048419";"2009JJ00";"  1540.6";"  1416.8";"    41.9";"     0.8";"    13.6";"    67.5";"  1541.7";"  1315.2";"    21.9";"    81.4";"   123.3";"    47.6";"    32.5";"    43.2";"    -1.1";"    11.5";"     0.0";"    10.3";"   688.7";"   164.5";"     0.0";"   138.8";"    44.6";"    76.3";"    17.9";"    25.8";"   524.2";"     0.2";"   173.3";"     1.2";"   349.6";"   688.7";"   362.4";"    87.4";"    14.6";"   224.2";"    36.5";"    10.6";"    25.9";"    52.6";"   233.8";"     0.7";"    15.8";"    41.8"
"180";"A048419";"2010JJ00";"  1570.9";"  1450.5";"    39.4";"     0.8";"     8.6";"    71.7";"  1570.8";"  1343.6";"    22.8";"    81.0";"   123.4";"    48.3";"    32.6";"    42.6";"     0.2";"     7.0";"     0.0";"     7.2";"   700.4";"   185.8";"     0.0";"   159.3";"    48.7";"    79.4";"    31.3";"    26.5";"   514.6";"     0.2";"   171.6";"     1.4";"   341.6";"   700.4";"   397.1";"    51.0";"    15.6";"   236.8";"    47.2";"    20.5";"    26.6";"    56.7";"   217.3";"     0.5";"    16.4";"    41.5"
"181";"A048419";"2011JJ00";"  1572.9";"  1456.9";"    30.8";"     0.7";"    12.4";"    72.2";"  1582.4";"  1352.2";"    24.4";"    77.4";"   128.4";"    54.4";"    31.2";"    42.8";"    -9.5";"     6.4";"     0.0";"    -3.2";"   696.7";"   194.6";"     0.0";"   176.8";"    77.0";"    82.9";"    17.0";"    17.8";"   502.1";"     0.1";"   163.8";"     2.1";"   336.1";"   696.7";"   392.7";"    62.4";"    14.2";"   227.3";"    62.1";"    34.8";"    27.3";"    56.4";"   220.9";"    -0.2";"    14.8";"    39.4"
"182";"A048419";"2012JJ00";"  1670.4";"  1497.1";"    89.3";"     0.0";"    12.2";"    71.8";"  1636.0";"  1365.5";"    30.3";"    91.4";"   148.8";"    64.0";"    32.4";"    52.5";"    34.4";"     8.0";"     0.7";"    43.1";"   765.1";"   218.2";"     0.0";"   207.9";"    97.6";"    86.2";"    24.1";"    10.3";"   546.9";"     0.1";"   155.6";"     1.8";"   389.4";"   765.1";"   436.5";"    69.0";"    30.0";"   229.6";"    41.6";"    15.4";"    26.2";"    57.1";"   238.2";"     2.6";"    15.3";"    40.0"
"183";"A048419";"2013JJ00";"  1681.5";"  1499.6";"    94.6";"     0.0";"    14.4";"    72.9";"  1653.9";"  1371.7";"    30.1";"    94.0";"   158.0";"    67.1";"    35.5";"    55.4";"    27.6";"     5.8";"     0.1";"    33.6";"   815.4";"   220.9";"     0.0";"   202.0";"    93.4";"    87.1";"    21.5";"    18.9";"   594.5";"     0.1";"   160.6";"     4.6";"   429.2";"   815.4";"   459.1";"    75.4";"    25.4";"   255.7";"    34.6";"     5.6";"    29.0";"    56.3";"   232.5";"     2.0";"    17.1";"    42.9"
"184";"A048419";"2014JJ00";"  1852.5";"  1709.7";"    34.3";"     0.0";"    13.5";"    95.0";"  1831.9";"  1519.1";"    35.3";"   100.6";"   176.8";"    83.7";"    41.6";"    51.5";"    20.6";"     6.2";"     0.0";"    26.8";"   908.7";"   234.1";"     0.1";"   212.2";"    97.2";"    89.4";"    25.6";"    21.7";"   674.6";"     0.1";"   178.2";"     8.7";"   487.6";"   908.7";"   540.6";"    86.4";"    15.5";"   266.2";"    46.6";"    15.4";"    31.2";"    59.5";"   253.4";"     1.4";"    19.2";"    43.8"
"185";"A048419";"2015JJ00";"  1907.9";"  1670.0";"   133.5";"     0.0";"    10.9";"    93.5";"  1886.3";"  1531.6";"    36.5";"   113.7";"   204.5";"    84.4";"    41.0";"    79.0";"    21.7";"     3.4";"    -0.1";"    25.0";"  1045.0";"   277.5";"     0.1";"   260.1";"   137.2";"    92.9";"    30.0";"    17.3";"   767.5";"     0.1";"   204.6";"     7.6";"   555.2";"  1045.0";"   635.4";"   102.2";"    49.5";"   257.9";"    41.3";"     8.8";"    32.4";"    60.8";"   297.6";"     1.3";"    22.5";"    47.6"
"186";"A048419";"2016JJ00";"  1904.6";"  1667.8";"   144.9";"     0.0";"    15.2";"    76.9";"  1899.0";"  1526.7";"    36.2";"   108.4";"   227.5";"    99.0";"    41.7";"    87.0";"     5.7";"     1.5";"     0.0";"     7.2";"  1054.2";"   285.3";"     0.0";"   268.4";"   135.2";"    91.3";"    41.9";"    16.9";"   769.0";"     0.1";"   206.3";"     7.5";"   555.1";"  1054.2";"   623.9";"   110.0";"    57.3";"   263.1";"    57.6";"    26.7";"    30.9";"    59.2";"   292.3";"     0.4";"    21.3";"    48.3"
"187";"A048419";"2017JJ00";"  1851.7";"  1613.1";"   151.2";"     0.0";"    14.2";"    73.2";"  1825.7";"  1470.6";"    36.8";"    98.6";"   219.7";"    99.5";"    59.0";"    61.2";"    26.0";"     0.1";"     0.0";"    26.1";"   989.0";"   272.6";"     0.1";"   263.8";"   151.6";"    89.8";"    22.4";"     8.7";"   716.4";"     0.1";"   213.6";"     8.5";"   494.2";"   989.0";"   631.9";"    88.0";"    55.0";"   214.1";"    91.7";"    58.9";"    32.8";"    63.9";"   334.6";"     1.4";"    22.8";"    45.2"
"188";"A048419";"2018JJ00";"  1886.4";"  1609.2";"   192.2";"     0.0";"    14.3";"    70.7";"  1878.1";"  1518.8";"    36.9";"    96.9";"   225.5";"   102.6";"    42.2";"    80.7";"     8.3";"     0.2";"     0.0";"     8.4";"  1014.8";"   272.7";"     0.1";"   261.9";"   148.9";"    87.8";"    25.2";"    10.7";"   742.1";"     0.1";"   225.3";"     8.8";"   507.9";"  1014.7";"   612.2";"    93.2";"    61.8";"   247.5";"    39.2";"     8.5";"    30.7";"    60.3";"   299.8";"     0.4";"    21.8";"    45.9"
