stress,hindex,tenured,subjective.happyness,country,tenure.age
5,2,FALSE,5.75,NA,0
6,3,FALSE,3.5,NA,0
1,5,FALSE,4.75,NA,0
2,4,FALSE,6.25,NA,0
3,0,FALSE,5.75,NA,0
6,6,FALSE,5,NA,0
5,2,FALSE,2.5,NA,0
7,5,TRUE,6.25,NA,31
4,4,FALSE,6,NA,0
5,9,TRUE,6,NA,31
3,2,FALSE,4.25,NA,0
6,2,FALSE,5.75,NA,0
6,0,TRUE,2.5,NA,24
1,7,TRUE,5.5,NA,23
3,6,FALSE,7,NA,0
3,0,FALSE,3.75,NA,0
3,71,TRUE,5,NA,35
2,2,FALSE,3.75,NA,0
6,3,TRUE,2.25,NA,23
3,6,FALSE,6,NA,0
6,7,FALSE,3.5,NA,0
3,60,TRUE,6.75,NA,38
2,8,TRUE,5.5,NA,30
6,3,FALSE,5.5,NA,0
3,14,TRUE,5.25,NA,34
5,6,FALSE,3.25,NA,0
3,23,TRUE,5.75,NA,36
7,3,FALSE,5,NA,0
3,0,FALSE,5,NA,0
7,9,TRUE,5.75,NA,31
5,31,TRUE,4.5,NA,38
5,1,TRUE,3.5,NA,23
6,12,TRUE,5,NA,30
3,0,FALSE,4.5,NA,0
6,2,FALSE,5.75,NA,0
6,2,FALSE,4.75,NA,0
5,10,FALSE,4,NA,0
5,6,FALSE,4.5,NA,0
6,0,FALSE,3,NA,0
5,2,FALSE,5,NA,0
5,17,TRUE,6.5,NA,36
4,9,FALSE,5.25,NA,0
7,18,FALSE,2.5,NA,0
2,5,TRUE,5.75,NA,31
3,34,TRUE,5.5,NA,38
4,14,FALSE,4.25,NA,0
5,10,TRUE,5.75,NA,34
7,8,FALSE,3.25,NA,0
7,4,FALSE,1.5,NA,0
1,19,TRUE,4.5,NA,50
3,3,FALSE,3.75,NA,0
3,54,TRUE,5.5,NA,36
3,10,FALSE,5.5,NA,0
5,1,FALSE,3.75,NA,0
6,3,FALSE,3,NA,0
5,1,FALSE,2.75,NA,0
7,3,FALSE,4.75,NA,0
4,1,FALSE,5.25,NA,0
5,9,FALSE,4.75,NA,0
3,3,FALSE,5.5,NA,0
5,2,FALSE,3.25,NA,0
2,5,FALSE,6.5,NA,0
6,5,FALSE,3.25,NA,0
5,12,FALSE,3,NA,0
2,8,FALSE,5.75,NA,0
5,3,FALSE,5.75,NA,0
2,8,TRUE,5.25,NA,26
6,6,FALSE,4.5,NA,0
6,11,FALSE,4.75,NA,0
5,0,FALSE,4,NA,0
5,5,TRUE,6.25,NA,27
6,10,TRUE,5,NA,40
5,6,FALSE,5.25,NA,0
3,0,FALSE,4,NA,0
4,9,FALSE,4,NA,0
6,2,FALSE,4,NA,0
6,0,FALSE,5,NA,0
5,5,TRUE,5.25,NA,39
5,8,TRUE,3.25,NA,33
5,5,FALSE,6.25,NA,0
6,1.2,FALSE,4.75,NA,0
3,5,FALSE,4,NA,0
2,3,TRUE,6,NA,33
7,0,FALSE,3,NA,0
1,2,FALSE,6,NA,0
4,3,FALSE,5.5,NA,0
7,1,FALSE,5.25,NA,0
5,6,FALSE,5.25,NA,0
6,6,FALSE,3,NA,0
4,4,FALSE,3.25,NA,0
1,2,FALSE,6.25,NA,0
2,0,FALSE,6.5,NA,0
6,7,TRUE,5.25,NA,26
7,3,FALSE,4,NA,0
7,0,FALSE,4,NA,0
5,2,FALSE,6.25,NA,0
4,5,FALSE,5.75,NA,0
4,4,FALSE,4.75,NA,0
3,4,FALSE,3.25,NA,0
5,2,FALSE,3.5,NA,0
6,5,FALSE,4.75,NA,0
5,3,FALSE,3.75,NA,0
2,13,TRUE,7,NA,40
5,5,FALSE,5.5,NA,0
4,7,FALSE,5,NA,0
3,19,TRUE,5.5,NA,33
6,69,TRUE,6.25,NA,31
4,9,FALSE,5.5,NA,0
3,22,FALSE,6.25,NA,0
4,0,FALSE,4.5,NA,0
5,30,TRUE,5.75,NA,30
5,3,FALSE,5.5,NA,0
4,1,TRUE,6.25,NA,29
6,0,FALSE,4,NA,0
5,12,FALSE,3.75,NA,0
5,4,FALSE,4,NA,0
7,44,TRUE,3,NA,38
6,8,FALSE,3.75,NA,0
6,2,FALSE,3,NA,0
5,9,FALSE,3.25,NA,0
7,3,FALSE,4.25,NA,0
5,2,FALSE,3.75,NA,0
6,7,FALSE,4.25,NA,0
5,3,FALSE,5.25,NA,0
6,8,FALSE,1.75,NA,0
2,5,FALSE,4,NA,0
2,30,FALSE,5.75,NA,0
7,3,FALSE,3.25,NA,0
4,35,TRUE,4,NA,36
6,19,FALSE,4,NA,0
4,4,FALSE,5,NA,0
5,7,FALSE,3,NA,0
3,38,TRUE,5.5,NA,35
7,8,FALSE,1,NA,0
5,3,FALSE,4.75,NA,0
4,3,FALSE,5.75,NA,0
6,6,FALSE,3,NA,0
6,14,FALSE,4.25,NA,0
2,5,FALSE,6.25,NA,0
5,23,TRUE,5.75,NA,30
4,1,FALSE,4.5,NA,0
3,1,FALSE,3,NA,0
3,1,FALSE,6.75,NA,0
3,5,FALSE,6.5,NA,0
4,15,TRUE,4.25,NA,41
2,6,FALSE,6.25,NA,0
4,6,FALSE,5.25,NA,0
7,0,FALSE,5.25,NA,0
2,25,TRUE,6,NA,30
3,8,FALSE,2.5,NA,0
6,25,FALSE,5.25,NA,0
3,15,TRUE,4.75,NA,30
4,1,FALSE,4,NA,0
5,8,FALSE,5.5,NA,0
5,4,FALSE,5.75,NA,0
3,0,FALSE,6.25,NA,0
6,24,TRUE,5.25,NA,24
4,5,TRUE,5.25,NA,30
6,42,TRUE,5.5,NA,38
4,0.7,FALSE,3.75,NA,0
4,17,TRUE,3,NA,31
5,7,FALSE,6,NA,0
6,2,FALSE,5.25,NA,0
2,1,FALSE,5.75,NA,0
2,0,FALSE,6,NA,0
4,2,TRUE,3.25,NA,24
5,14,FALSE,5.25,NA,0
5,34,TRUE,6,NA,36
5,8,FALSE,3.5,NA,0
5,11,TRUE,4.5,NA,40
7,0.1,FALSE,5.25,NA,0
5,22,TRUE,6.25,NA,40
5,2,FALSE,3.75,NA,0
5,3,FALSE,4.75,NA,0
2,8,FALSE,4.25,NA,0
3,41,TRUE,5,NA,36
1,0,FALSE,6.25,NA,0
5,1,FALSE,3.5,NA,0
2,50,TRUE,6,NA,40
5,4,FALSE,3.25,NA,0
1,63,TRUE,5.75,NA,28
5,14,FALSE,6.75,NA,0
3,17,FALSE,5.5,NA,0
6,5,FALSE,5,NA,0
6,5,FALSE,4.25,NA,0
1,4,FALSE,5.5,NA,0
1,4,FALSE,5.5,NA,0
5,26,TRUE,5,NA,34
2,22,TRUE,5.5,NA,34
2,0,FALSE,6,.ca,0
1,8,FALSE,5,NA,0
6,3,FALSE,6,NA,0
5,2,FALSE,3.5,NA,0
5,30,TRUE,6,NA,35
5,3,FALSE,6,NA,0
6,55,TRUE,3.5,NA,33
5,2,TRUE,4.5,NA,28
2,72,TRUE,5.5,.br,46
5,8,FALSE,4.25,NA,0
3,2,FALSE,4.5,NA,0
5,5,FALSE,2.75,NA,0
4,55,TRUE,5,NA,39
5,7,FALSE,6,NA,0
6,3,FALSE,2.5,NA,0
6,4,FALSE,2.5,NA,0
6,14,FALSE,4.25,NA,0
4,55,TRUE,4.75,.uk,39
5,0,FALSE,3.75,NA,0
7,1,FALSE,3.25,NA,0
4,3,FALSE,6,NA,0
6,13,TRUE,2.5,NA,33
5,7,FALSE,4.25,.ca,0
6,1,FALSE,6.25,NA,0
6,3,FALSE,3.75,NA,0
5,3,FALSE,5.75,.ca,0
5,31,TRUE,3.75,NA,38
6,6,FALSE,4.5,NA,0
5,5,TRUE,4.75,.ar,35
7,21,TRUE,4,.se,28
5,1,FALSE,5.75,NA,0
5,2,FALSE,3,NA,0
6,1,FALSE,6.25,NA,0
5,7,FALSE,6,edu,0
1,16,FALSE,7,com,0
5,32,TRUE,4.25,edu,37
2,1,FALSE,4.25,NA,0
3,5,FALSE,4,NA,0
6,68,TRUE,3.5,NA,31
1,47,TRUE,7,NA,65
6,8,FALSE,4.5,com,0
3,5,FALSE,4,NA,0
4,4,FALSE,5.25,NA,0
3,0,FALSE,6,.ca,0
5,8,FALSE,2.75,NA,0
4,0,FALSE,5,NA,0
1,20,TRUE,6.25,.ar,23
4,13,TRUE,6.25,.cl,40
6,4,FALSE,4,edu,0
5,1,FALSE,4,NA,0
6,6,FALSE,5,edu,0
2,4,FALSE,7,.au,0
6,4,FALSE,4.75,.it,0
5,12,TRUE,3.5,edu,40
4,1,FALSE,4.25,NA,0
4,4,FALSE,4.5,NA,0
4,2,FALSE,5,edu,0
7,8,FALSE,4.5,NA,0
6,2,FALSE,3.5,NA,0
5,1,FALSE,4.5,NA,0
7,6,FALSE,6.5,edu,0
4,6,TRUE,5.75,NA,30
2,33,TRUE,6.25,NA,50
3,1,FALSE,4.25,NA,0
5,7,FALSE,4.25,edu,0
3,41,FALSE,6.25,NA,0
5,1,FALSE,4,NA,0
4,19,FALSE,6,NA,0
1,11,TRUE,5.25,.br,30
5,25,TRUE,4.5,NA,45
5,3,FALSE,3,edu,0
3,0,FALSE,5,edu,0
1,30,TRUE,6,NA,40
3,8,FALSE,6,edu,0
2,3,FALSE,5.75,NA,0
1,2,FALSE,5.5,.jp,0
5,7,TRUE,3.5,.ec,31
5,1,FALSE,4,.in,0
5,12,TRUE,3.5,edu,40
6,5,FALSE,3.5,edu,0
2,4,FALSE,6,edu,0
5,4,FALSE,7,.jp,0
4,0,FALSE,5.75,.ca,0
1,11,TRUE,7,.nz,32
6,0,FALSE,3.5,edu,0
4,4,FALSE,4.5,edu,0
4,2,FALSE,6.25,edu,0
2,14,TRUE,5,.ro,26
7,7,FALSE,1.5,edu,0
6,2,TRUE,3,.co,31
4,2,FALSE,5.25,.ca,0
3,5,FALSE,5.75,edu,0
3,5,FALSE,5.75,edu,0
6,4,FALSE,2.75,.it,0
6,1,FALSE,3,edu,0
4,29,TRUE,5.75,NA,30
5,6,FALSE,3,NA,0
3,35,TRUE,5.75,.jp,30
4,18,TRUE,4.5,edu,42
3,20,FALSE,2.25,edu,0
5,3,FALSE,3.75,.uk,0
2,9,FALSE,6,edu,0
6,5,FALSE,4.75,edu,0
7,9,TRUE,2,NA,39
4,14,FALSE,4.5,edu,0
5,2,FALSE,2.75,NA,0
6,0,FALSE,6.75,NA,0
6,0,FALSE,6.75,NA,0
4,1,FALSE,6.25,edu,0
5,11,TRUE,5.25,.jp,29
5,1,FALSE,5.5,edu,0
4,6,FALSE,5.25,NA,0
6,8,FALSE,3,NA,0
5,1,FALSE,5.75,.ca,0
2,3,FALSE,6,NA,0
5,1,FALSE,4.75,.hk,0
3,14,TRUE,3.75,.jp,32
2,20,TRUE,5.75,.jp,30
2,47,TRUE,4.75,NA,34
5,4,FALSE,3.75,edu,0
4,14,TRUE,5.75,edu,47
5,6,FALSE,4.5,com,0
6,7,FALSE,6,com,0
5,4,FALSE,3.75,edu,0
5,4,FALSE,4,NA,0
3,5,FALSE,4.75,.nz,0
6,1,FALSE,4.75,NA,0
5,11,FALSE,5,NA,0
4,25,TRUE,4.75,.fr,33
4,10,TRUE,3.5,NA,31
3,8,FALSE,5.75,.ar,0
4,5,FALSE,4.5,edu,0
7,4,FALSE,1.25,NA,0
4,2,FALSE,3,edu,0
3,6,FALSE,4.5,NA,0
7,2,FALSE,5,edu,0
4,1,TRUE,6,.ca,31
2,1,FALSE,4.5,.fr,0
4,5,FALSE,5.75,edu,0
4,4,FALSE,5,NA,0
4,20,FALSE,4,NA,0
7,3,FALSE,4,edu,0
5,5,FALSE,4,.ca,0
4,0,FALSE,6,NA,0
4,71,TRUE,4.75,.jp,36
4,83,TRUE,5.5,NA,33
5,7,TRUE,2.75,edu,34
7,1,FALSE,2,NA,0
3,0.5,FALSE,6,NA,0
5,4,FALSE,3.5,NA,0
2,5,FALSE,7,com,0
6,2,FALSE,4.75,NA,0
6,6,FALSE,4.75,NA,0
5,5,TRUE,2.75,.de,27
2,4,FALSE,7,edu,0
4,8,FALSE,5.25,NA,0
4,6,FALSE,4.25,NA,0
4,9,FALSE,3.75,NA,0
5,4,FALSE,5.25,NA,0
3,4,FALSE,6.25,NA,0
3,3,FALSE,4.75,edu,0
5,84,TRUE,3.25,edu,39
6,11,FALSE,3.25,NA,0
7,3,FALSE,6.25,.au,0
4,36,TRUE,5.5,NA,40
6,5,TRUE,4.25,NA,30
5,12,TRUE,6,NA,32
4,0,FALSE,4.25,.ca,0
6,2,FALSE,3,edu,0
4,4,FALSE,4,NA,0
4,20,FALSE,5.5,NA,0
5,0,FALSE,7,.jp,0
1,1,TRUE,5.5,edu,29
4,1,FALSE,5,NA,0
5,42,FALSE,4,com,0
6,45,TRUE,4,.cl,45
5,4,FALSE,4.5,.de,0
7,2,FALSE,1,.in,0
6,7,FALSE,6,.cn,0
6,5,FALSE,3.25,NA,0
5,6,FALSE,3.75,NA,0
4,6,FALSE,5.25,edu,0
5,1,FALSE,3.75,NA,0
6,3,FALSE,2.25,NA,0
3,40,TRUE,5.5,NA,33
5,9,TRUE,4.25,NA,40
6,3,FALSE,4,NA,0
2,19,TRUE,3.5,NA,34
2,22,FALSE,5.75,edu,0
6,22,FALSE,4.75,NA,0
5,2,FALSE,4.25,NA,0
5,0,FALSE,4,NA,0
4,8,FALSE,3.5,NA,0
5,1,FALSE,3.75,NA,0
1,26,TRUE,6.75,edu,48
4,1,FALSE,2.25,NA,0
4,1,FALSE,4,NA,0
5,43,TRUE,3,NA,10
7,2,FALSE,4,NA,0
5,26,TRUE,4.5,.tw,36
6,2,FALSE,1.5,edu,0
6,2,FALSE,1.5,edu,0
6,10,FALSE,5.25,NA,0
4,8,FALSE,4.75,.ca,0
2,3,FALSE,4,.in,0
7,23,TRUE,5,NA,27
6,0,FALSE,3.75,NA,0
6,7,TRUE,6.5,NA,33
2,61,TRUE,5.75,edu,33
6,25,TRUE,2.75,NA,36
2,2,FALSE,5.75,NA,0
6,1,FALSE,3,NA,0
6,7,FALSE,3,NA,0
4,8,FALSE,3.5,NA,0
5,5,FALSE,3.25,NA,0
5,2,FALSE,5.25,NA,0
5,6,FALSE,4.5,edu,0
6,1,FALSE,3.75,NA,0
6,6,FALSE,3.5,com,0
5,1,FALSE,4.25,NA,0
7,8,FALSE,4.25,com,0
6,12,FALSE,4,.cn,0
5,4,FALSE,5.75,com,0
5,10,TRUE,4.25,NA,38
6,8,TRUE,2.5,NA,34
3,38,TRUE,5.5,edu,45
4,6,FALSE,5,NA,0
7,11,TRUE,4,NA,20
3,40,TRUE,5.5,NA,38
1,0,FALSE,4.5,NA,0
2,7,FALSE,6.25,.ca,0
3,1,TRUE,6.25,.au,25
5,5,FALSE,4.75,NA,0
5,3,FALSE,4.5,NA,0
6,3,FALSE,4.75,edu,0
6,7,FALSE,5.25,NA,0
5,0,FALSE,3.5,.no,0
3,6,FALSE,4.5,.cn,0
4,4,FALSE,4,NA,0
2,0,TRUE,6.5,edu,39
5,13,FALSE,5,NA,0
4,6,FALSE,5,NA,0
5,1,FALSE,5,NA,0
6,6,FALSE,5,com,0
4,6,FALSE,5,NA,0
3,3,FALSE,4.25,edu,0
4,18,FALSE,5.75,edu,0
5,2,FALSE,5,.cn,0
6,7,TRUE,2.75,NA,40
1,15,TRUE,4.25,.ru,24
2,25,TRUE,6,NA,27
4,24,FALSE,2.75,.au,0
3,17,TRUE,4.25,NA,30
4,5,FALSE,5.75,NA,0
1,40,TRUE,6.25,edu,28
7,10,TRUE,5.25,NA,23
6,2,FALSE,4.25,NA,0
7,24,FALSE,2,.cn,0
5,5,TRUE,6.25,.ir,35
3,14,TRUE,4.5,NA,10
3,6,FALSE,5.5,.ca,0
6,1,FALSE,3.75,NA,0
5,4,FALSE,5,.tr,0
2,124,TRUE,5.75,.it,38
3,2,FALSE,6.25,.jp,0
7,1,FALSE,3,.de,0
5,42,TRUE,4.5,NA,38
2,8,FALSE,6,NA,0
6,4,FALSE,5.25,.au,0
5,12,TRUE,4.5,NA,32
5,10,TRUE,5.25,NA,37
7,17,FALSE,5,.qa,0
2,12,TRUE,6.25,NA,24
6,6,FALSE,4.5,NA,0
3,1,FALSE,2,com,0
1,4,TRUE,7,NA,25
1,10,TRUE,5.75,.in,26
5,0,FALSE,5.25,.in,0
1,55,TRUE,6.25,NA,39
3,1,FALSE,6.5,.ca,0
1,8,TRUE,6.5,edu,30
4,59,FALSE,4.5,edu,0
3,5,TRUE,4.25,.ru,29
6,4,FALSE,3.75,NA,0
4,40,FALSE,3.5,.de,0
4,2,FALSE,4.75,.in,0
6,91,TRUE,5.25,NA,34
5,9,TRUE,4,.in,35
2,4,FALSE,5.5,NA,0
5,4,FALSE,5,NA,0
2,19,TRUE,6.25,edu,31
1,11,TRUE,3.25,.it,35
1,4,TRUE,6.75,.in,32
3,4,FALSE,4.25,NA,0
4,4,FALSE,4.25,NA,0
6,11,FALSE,6,.ca,0
2,0,FALSE,6.25,NA,0
6,1,FALSE,3.25,.jp,0
2,7,FALSE,6.5,.in,0
4,7,FALSE,4.75,edu,0
4,4,FALSE,5.5,com,0
7,53,TRUE,6.25,.ch,30
5,46,TRUE,4,NA,36
1,3,TRUE,6.5,.ir,4
3,11,TRUE,6.25,.tw,41
4,6,FALSE,6.5,.il,0
6,3,FALSE,5.75,NA,0
5,12,TRUE,4.5,.jp,33
3,6,TRUE,4.75,.au,32
3,23,TRUE,4.75,NA,36
6,26,TRUE,3.75,NA,31
1,2,FALSE,6,.de,0
3,67,TRUE,5,.in,32
2,43,TRUE,6.25,NA,35
5,11,FALSE,4.75,NA,0
2,21,FALSE,3.75,NA,0
5,15,TRUE,6,NA,23
2,2,TRUE,5.25,.cz,31
2,7,FALSE,6,.ca,0
5,7,FALSE,3.5,NA,0
5,8,TRUE,3,NA,30
5,1,FALSE,4.5,com,0
4,32,TRUE,4.25,NA,37
5,9,FALSE,4.25,.au,0
5,6,FALSE,4.25,NA,0
5,4,FALSE,5.75,.gr,0
5,2,TRUE,4.25,.in,30
6,6,FALSE,4.5,NA,0
6,7,FALSE,2.25,.fr,0
4,1,FALSE,4,.jp,0
3,48,TRUE,5.25,NA,30
6,3,FALSE,3.75,.in,0
5,19,TRUE,4.5,.in,27
3,3,TRUE,6,.jp,32
4,3.22,FALSE,4.5,NA,0
6,4,FALSE,3.5,.de,0
7,1,FALSE,4.25,NA,0
2,21,TRUE,6,NA,34
3,10,TRUE,4,NA,26
3,6,FALSE,2.25,.ch,0
5,0,FALSE,2.75,.tr,0
6,36,TRUE,5,edu,37
6,24,TRUE,5.25,NA,39
6,24,TRUE,5.25,NA,38
4,4,FALSE,6.25,NA,0
5,5,FALSE,4,NA,0
5,33,TRUE,5.75,NA,32
4,4,FALSE,2.75,org,0
5,24,TRUE,5.75,.es,31
4,1,FALSE,6.5,NA,0
3,21,TRUE,4,.ch,45
5,11,TRUE,4,.it,37
2,16,TRUE,5.25,.ru,30
5,30,TRUE,6,.es,20
7,3,FALSE,5.5,NA,0
2,30,TRUE,5.5,.cz,45
5,40,TRUE,5,.fr,33
5,0,FALSE,4,NA,0
2,0,FALSE,5.25,NA,0
2,1,FALSE,7,NA,0
2,26,TRUE,6,.se,36
4,0,FALSE,6.25,NA,0
3,7,FALSE,6,edu,0
1,1,FALSE,7,com,0
4,1,FALSE,5.75,.de,0
5,4,FALSE,5.5,edu,0
5,41,TRUE,6.5,NA,32
5,6,FALSE,4,.de,0
3,8,TRUE,4.5,NA,28
5,3,FALSE,4.75,NA,0
5,1,FALSE,4.5,NA,0
5,16,FALSE,4.5,org,0
7,4,FALSE,4,NA,0
4,1,FALSE,4.25,NA,0
4,2,FALSE,3.25,.ru,0
6,2,FALSE,3.75,.de,0
2,0,FALSE,6.25,.de,0
4,2,FALSE,5.25,.ch,0
5,0,FALSE,5.75,com,0
3,14,FALSE,4.5,edu,0
5,0,FALSE,5.75,com,0
5,2,TRUE,5.5,.it,24
3,2,FALSE,6,.si,0
2,14,FALSE,5.5,com,0
5,59,TRUE,2.75,NA,34
3,11,TRUE,5.5,NA,43
2,1,TRUE,5.75,NA,19
5,11,FALSE,2.5,.ca,0
4,2,FALSE,2.75,NA,0
3,0,TRUE,2.75,NA,35
4,4,FALSE,3.75,.cz,0
6,2,FALSE,5,.ru,0
2,69,TRUE,6.5,NA,30
4,20,TRUE,5.25,NA,34
1,60,TRUE,3.75,NA,27
2,16,TRUE,4.5,NA,32
5,17,FALSE,5,NA,0
4,24,TRUE,4.75,NA,26
6,2,FALSE,2.5,.de,0
4,32,TRUE,4.25,NA,42
3,1,FALSE,6.25,.de,0
2,13,TRUE,3.75,com,30
6,0,FALSE,5,NA,0
2,2,FALSE,5.25,NA,0
6,47,TRUE,5.25,.de,36
4,6,TRUE,5.25,NA,27
5,11,FALSE,1.5,NA,0
3,40,TRUE,5.75,NA,36
4,4,FALSE,5,.sg,0
7,28,FALSE,2.25,.cz,0
4,12,TRUE,4.75,.ua,48
3,40,FALSE,5.5,com,0
6,31,TRUE,4.5,.il,37
5,3,TRUE,2.5,NA,35
2,2,TRUE,6,.lt,25
6,16,FALSE,5.25,NA,0
7,5,FALSE,3.25,NA,0
2,48,TRUE,5,.ch,37
6,1,FALSE,4,com,0
5,4,FALSE,4.75,.it,0
6,7,TRUE,3,NA,32
5,3,FALSE,5.5,NA,0
5,29,TRUE,4.75,NA,38
1,20,TRUE,5.5,NA,34
4,12,FALSE,5,.cy,0
1,36,TRUE,6,NA,26
3,3,FALSE,4.25,NA,0
4,17,FALSE,5.5,.uk,0
6,4,FALSE,3.75,.it,0
6,15,TRUE,1.5,.uk,1
3,1,FALSE,5.25,com,0
5,4,FALSE,5.75,NA,0
4,6,FALSE,5,.in,0
4,1,TRUE,5.75,NA,27
6,2,TRUE,4,NA,30
4,0,FALSE,4,.de,0
2,1,FALSE,6.5,NA,0
1,2,FALSE,7,.it,0
2,34,TRUE,6.5,.de,37
7,15,FALSE,4.25,NA,0
6,3,FALSE,2.25,NA,0
3,10,TRUE,6.25,.se,35
7,8,FALSE,3.75,NA,0
6,11,FALSE,4,NA,0
4,3,FALSE,4.75,.fr,0
7,29,FALSE,3.5,.es,0
5,2,FALSE,4.5,NA,0
7,3,FALSE,2,NA,0
4,42,TRUE,6.5,.be,28
6,17,FALSE,5.75,.fr,0
4,3,FALSE,5,.se,0
7,23,TRUE,4.75,.il,39
3,6,TRUE,6.25,NA,30
6,4,FALSE,5.5,NA,0
3,1,FALSE,5.25,edu,0
4,34,TRUE,5.75,NA,30
5,18,TRUE,4,NA,50
5,5,FALSE,4.5,.uk,0
3,8,FALSE,4.75,com,0
4,2,FALSE,3.75,NA,0
3,10,FALSE,4.75,NA,0
6,11,FALSE,4,NA,0
2,3,FALSE,5.25,.it,0
5,0,FALSE,2.5,NA,0
6,2,FALSE,4,NA,0
2,65,TRUE,5,NA,32
5,1,FALSE,5.75,NA,0
3,20,TRUE,5,NA,43
1,3,FALSE,3.5,NA,0
4,4,FALSE,4.75,NA,0
6,2,TRUE,5,NA,4
1,5,FALSE,4.75,.in,0
3,24,TRUE,5,NA,40
1,28,TRUE,5,NA,23
5,9,TRUE,5.5,.es,36
2,14,TRUE,5.75,NA,29
6,10,FALSE,4,.es,0
5,7,FALSE,3.25,.it,0
4,4,FALSE,4,.no,0
5,13,FALSE,5,.de,0
2,10,TRUE,6,NA,31
4,13,TRUE,4,NA,45
4,23,TRUE,6,.in,38
3,2,FALSE,3.25,.fr,0
1,11,TRUE,5.25,.it,27
4,19,TRUE,3.75,NA,34
6,1,FALSE,5.5,NA,0
5,12,TRUE,5,.se,37
5,4.9,TRUE,1.75,NA,27
6,3,FALSE,6.25,NA,0
5,6,FALSE,6.5,NA,0
7,19,TRUE,4.75,.in,31
5,10,TRUE,2.25,.fr,29
2,70,TRUE,4.75,NA,34
3,15,TRUE,4.75,.ru,29
5,20,TRUE,4,.uk,28
3,1,FALSE,4.5,.ie,0
5,3,FALSE,3.25,.de,0
5,4,FALSE,4.75,com,0
4,3,FALSE,4.5,NA,0
5,74,FALSE,4.25,NA,0
2,6,FALSE,5.75,NA,0
5,6,FALSE,3,NA,0
5,47,FALSE,4.75,.pt,0
6,5,FALSE,4.5,NA,0
4,17,TRUE,6,NA,51
1,0,FALSE,4.75,NA,0
3,5,FALSE,4.5,NA,0
4,2,FALSE,6.25,.se,0
4,9,TRUE,4.5,NA,22
5,4,FALSE,3.5,.at,0
4,6,FALSE,4,edu,0
4,6,FALSE,4,edu,0
4,28,TRUE,5,NA,30
2,6,TRUE,6,NA,30
3,3,TRUE,2.5,NA,29
6,5,FALSE,6,.ch,0
2,4,FALSE,5.75,.ru,0
4,12,FALSE,5,gov,0
4,7,FALSE,4,.se,0
4,4,FALSE,4,.no,0
3,3,FALSE,4,.hk,0
5,1,FALSE,6.25,com,0
5,14,TRUE,4.5,.il,44
5,13,FALSE,4.75,NA,0
5,2,FALSE,5.5,.nl,0
4,0,FALSE,5.5,NA,0
5,2,FALSE,4.75,.uk,0
5,4,FALSE,4.25,.uk,0
5,3,FALSE,3.25,NA,0
2,3,FALSE,5.75,.ir,0
2,10,FALSE,5.25,.de,0
6,7,TRUE,5,NA,34
4,11,TRUE,6.75,NA,28
5,5,FALSE,5.5,NA,0
5,33,TRUE,4.75,NA,37
2,15,TRUE,4.75,NA,34
2,1,FALSE,5.5,NA,0
3,3,FALSE,5.25,.ie,0
3,5,FALSE,6,NA,0
4,8,TRUE,4.25,.hr,40
5,0,FALSE,4,NA,0
6,2,FALSE,4.75,.uk,0
4,2,FALSE,3,.de,0
1,1,FALSE,5.5,.jp,0
5,9,TRUE,2.75,NA,34
2,31,TRUE,5.25,.es,44
4,7,FALSE,3.75,NA,0
6,2,FALSE,6.25,NA,0
5,3,TRUE,4.25,NA,31
5,3,TRUE,4.5,NA,36
7,32,TRUE,5,.cn,35
6,28,FALSE,5.5,edu,0
5,1,FALSE,5.75,.ca,0
3,4,FALSE,5.25,.fr,0
4,4,FALSE,5.25,NA,0
5,64,TRUE,6,NA,44
3,1,FALSE,5.25,edu,0
5,27,TRUE,3,NA,30
5,2,FALSE,3.75,.cz,0
3,3,FALSE,5.5,NA,0
2,2,FALSE,5.75,NA,0
6,5,TRUE,2.5,NA,30
5,2,FALSE,5.5,edu,0
2,0,FALSE,6,NA,0
3,28,TRUE,5.75,.fr,33
1,39,TRUE,6.25,.ch,42
1,17,TRUE,5.25,NA,30
5,3,TRUE,5,.ph,30
4,20,TRUE,6.5,.ca,33
4,4,TRUE,4,NA,39
6,0,FALSE,3.5,.ca,0
1,7,TRUE,5,.in,34
6,20,FALSE,4.5,NA,0
5,2,FALSE,3.75,edu,0
3,12,TRUE,3.5,NA,29
4,16,TRUE,5.25,NA,35
2,11,TRUE,4.5,NA,38
2,3,TRUE,5.75,.ir,27
2,25,TRUE,5.75,.ca,32
5,7,FALSE,3.25,NA,0
1,4,FALSE,6,NA,0
6,12,FALSE,4,NA,0
7,30,TRUE,2.75,NA,37
4,4,FALSE,4.75,NA,0
4,17,FALSE,6.5,edu,0
5,19,FALSE,5,.cn,0
5,5,FALSE,2.5,NA,0
5,0,FALSE,4,.in,0
5,5,FALSE,4,NA,0
6,26,TRUE,5.25,NA,39
6,5,FALSE,5,edu,0
2,0,FALSE,4.75,gov,0
4,7,FALSE,5.5,.il,0
6,9,FALSE,3.5,.uk,0
1,28,TRUE,5.25,NA,34
5,2,FALSE,3.25,.cn,0
3,0,FALSE,6.25,NA,0
2,31,TRUE,2.75,edu,40
4,8,TRUE,4.75,.ir,31
5,2,FALSE,5,NA,0
4,1,FALSE,4,.in,0
5,1,TRUE,3.25,NA,32
5,1,FALSE,3.25,.de,0
6,14,FALSE,5.25,NA,0
2,3,TRUE,4,.pk,31
5,7,TRUE,5,edu,35
2,4,TRUE,6,NA,30
5,23,TRUE,5,.ca,37
6,13,TRUE,4.5,NA,35
3,22,FALSE,5.25,.ir,0
3,22,FALSE,5.25,.ir,0
6,1,FALSE,4.25,NA,0
6,2,FALSE,3.75,edu,0
6,13,TRUE,4,.ca,35
2,2,FALSE,6.5,org,0
5,2,FALSE,4.5,edu,0
4,15,FALSE,4.5,NA,0
2,2,FALSE,6.75,NA,0
6,0,TRUE,4.5,NA,36
6,34,TRUE,6.5,NA,38
2,31,TRUE,5.25,.it,35
2,2,FALSE,5.25,edu,0
4,4,TRUE,6.25,com,40
5,39,TRUE,3,edu,35
5,0,FALSE,5.25,NA,0
3,4,FALSE,5.25,NA,0
5,35,TRUE,6,edu,30
7,6,TRUE,5.25,.sa,23
4,3,FALSE,5.25,edu,0
4,5,FALSE,5,com,0
4,18,TRUE,4,NA,30
3,28,TRUE,4.5,NA,40
3,20,FALSE,5.75,NA,0
5,13,TRUE,4,NA,30
6,8,FALSE,5.25,edu,0
5,13,FALSE,3.75,krd,0
5,3,FALSE,5.75,.ir,0
5,10,FALSE,5.25,edu,0
5,42,TRUE,4.5,NA,46
4,20,FALSE,3,.cn,0
2,19,TRUE,5.25,edu,33
3,41,TRUE,5.75,gov,39
6,1,FALSE,4,.ca,0
3,3,FALSE,5.5,edu,0
3,0,FALSE,5.25,edu,0
5,49,TRUE,4.75,.fr,27
6,4,TRUE,3,NA,28
7,4,FALSE,1,.ca,0
3,4,FALSE,4.5,edu,0
6,2,FALSE,5,.ca,0
3,0,FALSE,6.25,.pl,0
5,1,FALSE,3,NA,0
3,8,TRUE,6,edu,47
7,6,FALSE,2.5,.no,0
6,1,FALSE,5.5,.fr,0
6,10,FALSE,3,com,0
2,1,FALSE,4.75,.uk,0
6,31,TRUE,4.75,edu,40
4,7,FALSE,5.25,.jp,0
6,8,FALSE,3.75,.it,0
4,6,FALSE,3.75,NA,0
2,8,FALSE,5.5,edu,0
5,2,FALSE,4,.au,0
5,42,TRUE,5.5,.jp,30
2,24,TRUE,6.75,.il,40
5,7,FALSE,4.25,.pt,0
3,50,TRUE,5.5,edu,44
4,1,TRUE,3.75,NA,28
4,2,TRUE,4.75,.in,27
1,1,TRUE,6.75,net,36
5,1,FALSE,5.75,com,0
7,14,FALSE,4.25,edu,0
5,2,FALSE,4.25,edu,0
6,3,FALSE,3,edu,0
2,0,TRUE,5.5,edu,34
7,0,FALSE,1.5,.jp,0
7,2,FALSE,3,edu,0
7,2,FALSE,3.75,NA,0
4,9,FALSE,5.25,.in,0
6,1,FALSE,2.5,.sg,0
5,3,FALSE,5.75,NA,0
2,2.5,FALSE,6.25,NA,0
5,22,TRUE,4.25,NA,41
5,11,FALSE,4.75,edu,0
2,5,FALSE,6,NA,0
6,5,FALSE,5,.at,0
6,3,FALSE,5.5,NA,0
5,39,TRUE,4.75,.fr,31
7,27,TRUE,2,NA,29
5,93,TRUE,4.25,.ch,32
2,3,TRUE,4.5,.sz,29
5,0,FALSE,4.75,org,0
1,6,TRUE,5.5,.ro,35
4,17,TRUE,4.75,edu,33
3,6,TRUE,3.25,com,29
3,3,FALSE,4,com,0
5,10,FALSE,5.75,NA,0
6,4,FALSE,4,.th,0
6,2,TRUE,4.25,.ir,33
5,13,FALSE,3,com,0
6,2,TRUE,4.25,.ir,33
3,4,TRUE,6.25,.bg,28
6,1,FALSE,4.25,edu,0
6,17,TRUE,5,.de,30
6,2,FALSE,5.75,com,0
4,11,TRUE,4,NA,34
3,2,FALSE,5.25,.fr,0
5,1,FALSE,6,krd,0
2,20,TRUE,5.25,.fr,30
3,18,FALSE,4.75,.cz,0
6,27,TRUE,5.5,.de,43
1,27,FALSE,7,.it,0
4,7,TRUE,5.5,.pl,32
4,2,TRUE,6,.za,26
6,1,FALSE,3.5,.in,0
1,5,TRUE,4,.hu,36
5,2,TRUE,2.25,.ir,21
5,13,TRUE,4.75,.es,32
5,15,TRUE,5.5,.br,30
2,22,FALSE,5.75,.at,0
2,13,TRUE,5.5,.jp,36
2,1,TRUE,5.75,NA,18
5,2,FALSE,3.75,com,0
4,29,FALSE,3.25,.cz,0
6,8,TRUE,5,.fr,29
1,4,FALSE,6.5,.uk,0
4,3,FALSE,5.5,.se,0
5,10,TRUE,3.75,.pl,25
4,45,TRUE,4.25,.be,35
3,1,FALSE,5.75,NA,0
4,19,TRUE,4.75,.tr,43
2,9,TRUE,4.75,.pk,36
6,3,FALSE,2.5,.uk,0
6,16,TRUE,3.5,.jo,42
6,18,FALSE,2.25,.ch,0
3,8,FALSE,3.5,.de,0
7,5,FALSE,4,.se,0
2,18,TRUE,5.75,org,30
6,6,TRUE,4.25,.de,33
4,4,FALSE,5.25,com,0
6,21,TRUE,7,.es,36
3,3,TRUE,4,.za,32
7,9,FALSE,6,.de,0
2,22,TRUE,5,.fr,29
1,17,FALSE,5.25,.at,0
5,20,TRUE,3.5,.de,40
4,3,FALSE,5,.fr,0
6,1,FALSE,5.75,com,0
5,24,TRUE,3.75,.it,35
5,6,FALSE,3.5,.rs,0
2,3,FALSE,6.25,.at,0
3,6,FALSE,4.25,.se,0
5,53,TRUE,3,NA,35
3,25,FALSE,5.25,NA,0
6,17,FALSE,5.5,.ch,0
4,7,FALSE,4.25,NA,0
4,3,FALSE,4.5,.fr,0
3,2,FALSE,6.25,.pl,0
5,4,FALSE,3.5,.es,0
6,1,FALSE,2.5,NA,0
5,0,FALSE,4.5,NA,0
6,5,FALSE,2.75,.uk,0
5,0,FALSE,5.75,NA,0
5,29,TRUE,5.75,edu,38
6,11,FALSE,4.25,com,0
5,0,FALSE,2.75,.il,0
5,3,FALSE,4.25,.tr,0
4,2,FALSE,4,edu,0
6,2,FALSE,4.25,.au,0
2,18,TRUE,5,edu,30
5,0,FALSE,5.5,NA,0
2,1,FALSE,5,.ca,0
5,3,FALSE,3.25,and,0
7,15,TRUE,3.25,.es,38
2,9,TRUE,5.25,.ae,45
6,2,FALSE,3.25,edu,0
2,2,FALSE,6,.uk,0
5,4,FALSE,3,.cz,0
4,1,FALSE,4.25,edu,0
3,4,TRUE,4.25,.jp,28
4,30,FALSE,6.5,.de,0
1,21,TRUE,3.75,.ru,40
4,0,FALSE,5,.de,0
4,25,TRUE,6.5,.jp,25
2,0,FALSE,6.75,.ai,0
3,9,TRUE,5.5,com,46
7,8,TRUE,3.75,NA,29
4,4,TRUE,6.25,.uk,38
1,6,TRUE,7,.br,36
6,7,FALSE,1.75,com,0
2,2,FALSE,5.75,.ca,0
6,7,FALSE,6,com,0
6,3,FALSE,6.25,edu,0
7,17,TRUE,2.5,.fr,29
5,9,FALSE,7,.ir,0
2,9,TRUE,6.5,.il,41
4,2,FALSE,6,com,0
2,21,FALSE,4.5,.cz,0
7,11,FALSE,3.75,.in,0
5,1,FALSE,3,com,0
5,12,TRUE,3,.gr,35
6,4,FALSE,4.75,edu,0
1,43,TRUE,7,.ru,27
4,55,TRUE,5,.fr,32
7,1,FALSE,3.5,NA,0
3,2,FALSE,4.5,com,0
4,11,TRUE,3.75,.de,34
5,45,TRUE,5.25,.dk,23
2,8,FALSE,6,NA,0
4,37,TRUE,6.25,.fr,32
5,4,FALSE,5.25,.uk,0
3,4,FALSE,5.5,.de,0
4,7,FALSE,4.75,.de,0
7,5,FALSE,4.25,.it,0
3,23,TRUE,7,.in,33
7,6,FALSE,3.25,.hk,0
4,3,FALSE,6.5,.cn,0
4,15,TRUE,5.25,.se,38
3,16,TRUE,6.5,.fr,29
2,3,FALSE,7,.ir,0
3,5,TRUE,7,.it,25
1,26,FALSE,2.5,.ug,0
4,19,FALSE,6,.cz,0
5,7,TRUE,6.25,edu,37
3,0,FALSE,3.75,.fr,0
4,8,TRUE,4.25,.in,43
5,4,TRUE,5.5,.br,30
2,25,TRUE,5.75,NA,38
2,14,TRUE,5.5,.hu,30
5,9,FALSE,5.5,com,0
3,1,FALSE,5.75,.ch,0
6,41,TRUE,2.25,.gr,33
5,11,TRUE,4.5,edu,45
6,3,TRUE,2.5,.pl,31
3,4,FALSE,4,.uk,0
5,7,FALSE,4,.de,0
3,13,FALSE,3,edu,0
2,3,TRUE,3.25,NA,34
4,5,FALSE,5.25,.ch,0
2,2,FALSE,4.75,edu,0
5,9,FALSE,4.5,org,0
6,19,FALSE,5,.il,0
5,3,FALSE,5.75,.be,0
5,5,TRUE,4.25,.ru,23
5,2,FALSE,5,.ru,0
4,15,TRUE,4.75,NA,29
4,41,TRUE,4.75,NA,41
3,15,FALSE,5.75,.ch,0
2,2,TRUE,5.25,.it,23
2,7,FALSE,5.75,.fr,0
5,16,TRUE,6,.uk,37
1,32,FALSE,5,net,0
5,4,FALSE,4,edu,0
6,18,FALSE,2.75,.au,0
3,2,FALSE,4.75,.de,0
1,34,TRUE,4.5,.gr,43
1,17,FALSE,7,.in,0
5,1,FALSE,4.25,edu,0
2,7,TRUE,5,.it,34
3,22,TRUE,4.5,edu,43
1,1,TRUE,6.75,.fr,29
3,7,FALSE,3.75,.ca,0
3,1,FALSE,4.25,edu,0
5,34,TRUE,5.75,.jp,42
2,26,TRUE,5.5,.ir,50
4,0,TRUE,3.5,edu,35
2,26,TRUE,5.5,.ir,50
2,18,TRUE,6,.fr,28
3,3,FALSE,5,NA,0
4,1,FALSE,3.5,.uk,0
5,1,FALSE,4.5,.es,0
3,5,FALSE,5,.at,0
4,1,FALSE,5.5,.uk,0
5,20,TRUE,6,.it,35
5,2,FALSE,5.5,.ca,0
2,6,TRUE,2,.ir,26
3,4,TRUE,5.5,.pl,28
6,21,TRUE,5,.pl,35
6,29,TRUE,3.75,.gr,38
5,5,FALSE,3.75,.ee,0
6,3,FALSE,4,edu,0
5,38,TRUE,2.5,edu,39
3,35,TRUE,4.5,.cn,40
4,6,TRUE,4.25,.it,34
2,11,TRUE,4.5,com,33
5,0,FALSE,4.75,.il,0
1,119,TRUE,6,edu,31
6,5,FALSE,5.75,.fr,0
3,30,TRUE,6,.uk,28
4,77,TRUE,3.75,edu,36
6,1,FALSE,5.5,edu,0
6,3,FALSE,6,.ng,0
7,4,FALSE,3.5,com,0
2,63,TRUE,5,.cc,28
5,2,FALSE,3.25,.it,0
1,23,FALSE,5.5,.in,0
5,9,FALSE,5.25,edu,0
4,22,TRUE,4.25,.ca,56
6,5,FALSE,5.25,edu,0
4,40,TRUE,5.5,.uk,35
6,7,FALSE,4,edu,0
6,5,FALSE,4.5,com,0
5,48,TRUE,5.75,.it,27
6,3,FALSE,1.75,edu,0
2,8,FALSE,5.5,.cz,0
6,11,FALSE,2.75,.jp,0
6,1,FALSE,6,edu,0
5,28,TRUE,3.25,edu,41
3,4,FALSE,5.75,edu,0
3,12,TRUE,5,.it,31
1,12,TRUE,6,.cz,32
2,18,TRUE,2.5,.cz,42
4,0,FALSE,3.25,.pe,0
6,43,TRUE,3.5,.uk,39
6,43,TRUE,3.5,.uk,39
5,5,FALSE,4,NA,0
5,2,FALSE,3.25,com,0
3,3,FALSE,6,.cz,0
4,6,TRUE,4.75,.ar,36
4,37,TRUE,3,.uk,40
2,4,FALSE,5,.mx,0
3,7,TRUE,5.75,.pt,44
1,1,FALSE,4,com,0
1,2,FALSE,5.25,.ca,0
1,13,TRUE,6.25,net,18
2,35,TRUE,5.5,.nl,32
7,6,FALSE,2.25,.cn,0
4,4,TRUE,4,com,55
4,3,FALSE,5.75,.ca,0
2,0,TRUE,6.25,edu,40
5,2,FALSE,4.5,.ca,0
1,7,TRUE,4.25,.ua,53
3,171,TRUE,5,.uk,38
2,10,TRUE,5,.bg,25
5,0,FALSE,4.75,com,0
5,15,TRUE,3.75,.hu,35
5,5,FALSE,4.5,.za,0
6,4,FALSE,5,.fr,0
5,5,FALSE,3.75,NA,0
4,8,FALSE,6.25,.in,0
4,3,FALSE,5,com,0
1,6,FALSE,7,.no,0
1,11,TRUE,5.25,NA,30
2,16,TRUE,5.5,.ca,34
4,26,TRUE,6,edu,35
4,5,TRUE,5.25,.ae,35
4,0,FALSE,5.5,.ch,0
6,3,FALSE,4.25,.lu,0
7,15,TRUE,3.5,edu,40
5,2,FALSE,4.5,edu,0
1,0,TRUE,5,NA,35
6,22,FALSE,5,NA,0
2,0,FALSE,6,.fr,0
7,12,TRUE,3,.pl,30
7,2,FALSE,2.5,edu,0
5,1,TRUE,4.75,com,18
3,14,TRUE,5,com,32
4,1,FALSE,2.75,.ca,0
3,28,TRUE,4.5,.pl,25
5,8,FALSE,5,edu,0
4,6,FALSE,4.75,.ca,0
3,111,TRUE,5.75,.ch,36
5,6,FALSE,4.75,edu,0
3,5,FALSE,4,.in,0
4,2,TRUE,6,.ru,22
1,6,FALSE,3.5,.be,0
7,2,FALSE,5,.uk,0
5,13,TRUE,3.25,.eu,34
3,169,TRUE,5.25,NA,27
6,4,FALSE,3.5,.uk,0
2,17,TRUE,4.25,.gr,41
2,1,FALSE,5.5,NA,0
6,2,FALSE,4.25,.uk,0
4,4,FALSE,5,.uk,0
2,22,TRUE,5.5,.pk,40
1,20,TRUE,7,.fr,35
7,12,TRUE,2.75,.il,40
4,15,FALSE,5.75,NA,0
7,4,FALSE,2.75,NA,0
7,1,FALSE,2,NA,0
1,0,FALSE,7,NA,0
2,10,TRUE,7,NA,34
3,0,FALSE,6,NA,0
7,2,FALSE,2.5,NA,0
3,10,FALSE,5.5,NA,0
6,7,FALSE,4,NA,0
2,55,TRUE,6,NA,42
5,0,FALSE,5,NA,0
6,4,FALSE,4,NA,0
7,1,TRUE,5.5,NA,23
2,3,FALSE,4.25,NA,0
1,12,FALSE,7,.de,0
4,10,TRUE,6.5,NA,42
5,2,FALSE,5.5,.cl,0
5,2,FALSE,3,NA,0
2,17,TRUE,5.5,NA,33
4,1,FALSE,5.5,NA,0
5,12,TRUE,5.25,NA,44
6,6,FALSE,4.25,NA,0
7,12,FALSE,3.5,NA,0
3,11,FALSE,3.75,NA,0
3,20,TRUE,5,NA,59
6,2,FALSE,5.25,edu,0
1,9,FALSE,6,NA,0
3,1,TRUE,5,NA,9
6,6,FALSE,2,NA,0
7,10,FALSE,2,NA,0
4,10,FALSE,5.5,NA,0
3,0,FALSE,5,NA,0
3,6,FALSE,5.75,edu,0
2,2,FALSE,6.25,NA,0
3,16,TRUE,6,NA,26
5,19,TRUE,5.25,NA,30
7,4,FALSE,4.75,NA,0
5,3,FALSE,4.75,NA,0
4,2,FALSE,4.5,NA,0
1,24,TRUE,7,NA,32
5,3,FALSE,6.25,.in,0
4,4,FALSE,5.25,NA,0
4,4,FALSE,5,NA,0
3,0,FALSE,5.75,NA,0
3,3,TRUE,5.75,.in,27
5,2,FALSE,3.75,edu,0
5,2,FALSE,4.5,NA,0
5,0,FALSE,4.75,.de,0
6,2,FALSE,3,NA,0
4,2,FALSE,5.75,.ru,0
1,5,TRUE,5.25,NA,27
4,17,TRUE,5.75,NA,44
5,2,FALSE,4,.in,0
6,40,TRUE,5.75,NA,35
6,1,FALSE,3.25,.it,0
3,2,FALSE,5,.ir,0
6,10,TRUE,3.25,NA,32
4,6,TRUE,4.5,NA,30
1,5,FALSE,6.75,NA,0
5,3,FALSE,5.25,NA,0
3,3,FALSE,6.25,NA,0
6,3,TRUE,5,.id,28
5,6,FALSE,5.5,.tr,0
3,15,TRUE,5.5,NA,34
3,7,TRUE,5.5,.no,40
3,7,FALSE,5,NA,0
6,14,FALSE,5.5,.uk,0
5,5,TRUE,4.75,.uk,33
1,35,TRUE,5,NA,32
2,6,FALSE,6,.de,0
5,0,FALSE,3.25,NA,0
2,20,TRUE,4.75,.uk,40
5,2,FALSE,4.75,.uk,0
5,8,FALSE,3.75,.bg,0
5,6,FALSE,4.75,edu,0
5,6,FALSE,4.75,edu,0
3,2,FALSE,5.5,.fr,0
6,25,TRUE,5.5,org,30
7,11,FALSE,3.75,.nl,0
4,46,TRUE,4.25,.nl,26
3,23,TRUE,6,.hu,35
2,0,FALSE,4.5,edu,0
5,7,FALSE,7,edu,0
5,0,FALSE,4.5,NA,0
5,34,TRUE,4,.no,49
5,4,TRUE,3,.fr,12
7,12,FALSE,3,.cn,0
4,7,TRUE,4,.sa,28
5,5,FALSE,4.75,NA,0
4,12,TRUE,3.5,NA,36
2,3,FALSE,6.75,.uk,0
7,0,FALSE,2,NA,0
4,17,TRUE,5,.in,38
3,53,FALSE,5,NA,0
6,17,FALSE,3.5,edu,0
5,13,TRUE,2.25,.nl,42
5,11,FALSE,5,edu,0
4,3,FALSE,5.5,.de,0
4,13,TRUE,3.25,.nz,28
5,0,TRUE,5.75,.cn,23
4,27,FALSE,4.25,NA,0
3,14,FALSE,5.5,com,0
5,13,FALSE,4,NA,0
4,13,FALSE,5,com,0
5,17,FALSE,4.75,com,0
1,2,TRUE,5,NA,29
6,2,FALSE,5.75,NA,0
5,1,FALSE,5,NA,0
3,56,TRUE,4.25,NA,29
5,22,TRUE,4.5,NA,50
6,3,FALSE,3.25,edu,0
5,24,TRUE,5,NA,35
1,22,TRUE,5,NA,35
4,0,FALSE,5.5,.fr,0
7,47,TRUE,5,.eu,35
5,7,FALSE,5.25,NA,0
2,31,TRUE,5,.it,30
3,4,TRUE,5,NA,25
5,27,TRUE,2.25,.de,34
5,14,TRUE,5.25,NA,50
6,26,TRUE,5,.fr,30
4,17,TRUE,6,.cz,43
5,3,FALSE,3.75,NA,0
6,0,FALSE,4.75,.se,0
6,5,FALSE,3.5,.uk,0
2,20,TRUE,5,.ro,29
7,14,TRUE,2.75,NA,29
5,1,FALSE,6.25,NA,0
3,4,FALSE,5.25,edu,0
5,10,FALSE,6.25,NA,0
5,4,FALSE,6,.it,0
4,11,FALSE,4,com,0
7,1,FALSE,4.5,edu,0
4,5,FALSE,4.75,.hk,0
4,26,TRUE,4.25,NA,36
5,13,TRUE,4.5,.tr,33
1,21,TRUE,7,.in,36
5,4,TRUE,4,.cz,29
6,22,FALSE,2.5,edu,0
6,8,FALSE,4.5,.de,0
3,26,TRUE,5,NA,31
5,17,TRUE,3.5,.hr,49
5,29,TRUE,5.75,.uk,32
4,19,TRUE,6,NA,44
1,9,TRUE,3.5,NA,18
3,33,TRUE,5.75,org,30
4,12,TRUE,5,.il,37
5,2,FALSE,4.25,NA,0
1,14,TRUE,6,.ie,38
7,18,TRUE,2.75,NA,34
5,0,FALSE,4,NA,0
5,10,FALSE,3.25,org,0
5,20,TRUE,6,.uk,35
3,5,FALSE,5.75,NA,0
3,4,FALSE,6.25,edu,0
2,6,FALSE,5,.de,0
7,7,FALSE,6.25,.ir,0
2,2,FALSE,2,.il,0
4,20,TRUE,4,.se,37
5,12,TRUE,5.5,NA,31
4,2,FALSE,4,NA,0
3,5,TRUE,5.25,.jp,31
2,15,TRUE,5.25,.ch,34
3,3,FALSE,6,.de,0
5,21,FALSE,4.5,NA,0
3,29,TRUE,5.5,.nl,35
3,8,FALSE,4.75,.pl,0
2,3,FALSE,7,.hk,0
3,34,TRUE,4.25,edu,32
5,2,FALSE,5,.ie,0
2,1,TRUE,5.5,.se,37
3,2,FALSE,5,.hr,0
3,15,FALSE,5,.uk,0
3,37,TRUE,6.75,edu,38
5,13,TRUE,5.25,.cl,27
4,13,TRUE,6,NA,41
7,4,FALSE,1,NA,0
7,8,TRUE,6,.pk,32
5,4,FALSE,5.25,edu,0
5,3,FALSE,4.5,NA,0
5,3,FALSE,4.25,NA,0
5,5,TRUE,5.5,NA,33
3,1,FALSE,3.25,.fr,0
6,5,TRUE,4.5,NA,29
6,0,TRUE,6,NA,22
5,10,FALSE,6.25,NA,0
6,0,FALSE,5,.ca,0
2,47,TRUE,5.75,edu,40
4,3,FALSE,5.75,edu,0
3,21,FALSE,6.5,.cl,0
5,1,FALSE,3,edu,0
5,2,FALSE,4.25,org,0
2,29,TRUE,5.75,.fr,29
5,18,TRUE,5.25,.de,33
6,42,TRUE,5.25,edu,36
3,200,TRUE,5,NA,32
3,8,FALSE,4.75,.pl,0
3,8,FALSE,4.75,.pl,0
2,1,FALSE,5.5,.br,0
2,5,FALSE,5.25,NA,0
5,2,FALSE,5.75,edu,0
4,3,TRUE,6.5,NA,31
3,39,TRUE,4.5,NA,27
2,24,TRUE,5,edu,36
1,9,FALSE,4,NA,0
5,51,TRUE,4.75,.ca,30
4,11,FALSE,4.5,edu,0
2,60,TRUE,5.5,edu,35
4,15,TRUE,5.5,.mx,39
5,21,TRUE,5.75,NA,29
5,1,FALSE,4.75,NA,0
6,0,FALSE,3,NA,0
5,8,FALSE,5.75,edu,0
5,13,TRUE,4.25,.br,25
4,22,TRUE,5.5,.gr,49
5,2,FALSE,5.5,.nl,0
5,2,FALSE,5.5,.nl,0
5,52,TRUE,4.75,.de,36
7,6,FALSE,4.75,edu,0
5,3,FALSE,4,edu,0
7,6,FALSE,2.5,NA,0
6,6,FALSE,2.5,edu,0
2,10,TRUE,5.75,.tr,48
7,6,FALSE,4.5,NA,0
2,13,FALSE,4.25,.nz,0
5,2,TRUE,6,NA,37
5,3,FALSE,3.75,NA,0
7,5,TRUE,4.25,com,35
4,1,FALSE,5,NA,0
6,1,FALSE,2.25,edu,0
2,1,FALSE,4.25,.uk,0
2,35,TRUE,6.25,NA,30
1,6,TRUE,5.5,.pl,39
2,5,FALSE,5.5,NA,0
6,0,FALSE,4,.br,0
3,2,FALSE,5.25,.uk,0
5,4,TRUE,4.75,.uy,46
4,18,FALSE,6.25,com,0
6,20,FALSE,4.5,NA,0
5,2,FALSE,4,edu,0
2,24,TRUE,5.75,.it,30
3,6,FALSE,5,.tr,0
4,4,FALSE,5,int,0
3,58,TRUE,6,NA,38
7,14,FALSE,2.75,NA,0
5,3,FALSE,2.25,.ru,0
2,15,FALSE,4.75,NA,0
3,18,TRUE,4.5,NA,32
6,7,FALSE,5.5,.de,0
3,8,FALSE,7,com,0
3,8,FALSE,7,com,0
5,7,FALSE,3.5,com,0
4,4,TRUE,4.75,NA,35
4,1,FALSE,4,NA,0
5,7,FALSE,4.5,.au,0
2,11,TRUE,7,edu,39
2,4,FALSE,6.5,NA,0
2,1,FALSE,4.75,NA,0
4,2,FALSE,4.75,NA,0
4,2,FALSE,5.5,.cn,0
4,2.5,FALSE,4.75,.vn,0
5,3,FALSE,3.75,.cn,0
5,0,FALSE,4.75,NA,0
5,4,FALSE,4.5,.cn,0
3,5,FALSE,6.5,NA,0
2,9,FALSE,5.5,NA,0
3,68,TRUE,5.25,.su,26
5,3,FALSE,3.25,NA,0
4,1,FALSE,4,.sg,0
4,9,FALSE,5.5,edu,0
5,23,TRUE,6.75,NA,40
4,9,FALSE,3.75,.fi,0
6,34,FALSE,4.5,.de,0
5,10,FALSE,4,.de,0
4,2,FALSE,4.25,edu,0
7,27,FALSE,3,NA,0
4,8,FALSE,6.25,NA,0
6,5,TRUE,3.5,NA,30
5,15,FALSE,2.25,NA,0
5,8,FALSE,4.75,.by,0
6,21,TRUE,2.75,com,40
6,5,TRUE,5.75,.de,26
2,4,FALSE,1.75,edu,0
6,8,FALSE,4.75,NA,0
4,3,FALSE,5.5,.fr,0
1,5,TRUE,5.5,.cr,35
6,14,TRUE,4.25,.nl,38
4,9,FALSE,6.25,NA,0
5,15,TRUE,5.75,NA,35
5,1,FALSE,4,.nl,0
1,0,FALSE,6.25,com,0
5,10,TRUE,5.5,NA,30
7,0,FALSE,2.5,com,0
6,3,FALSE,2.25,.be,0
3,11,FALSE,5.75,NA,0
5,6,FALSE,4.75,NA,0
4,3,FALSE,6.75,NA,0
1,28,FALSE,7,NA,0
2,28,TRUE,5,.de,34
4,45,FALSE,5.5,NA,0
6,6,TRUE,3.5,.de,36
5,19,TRUE,3.75,.uk,35
5,4,FALSE,4.25,NA,0
2,22,TRUE,3.5,.fr,30
4,2,FALSE,5.5,.uk,0
6,4,TRUE,4.5,NA,31
5,6,FALSE,5.75,NA,0
3,4,TRUE,4.75,NA,30
3,36,TRUE,6,NA,28
2,11,TRUE,6,.nl,42
5,1,FALSE,3,edu,0
4,4,FALSE,5.75,.lv,0
5,17,FALSE,3.25,NA,0
6,3,FALSE,5.75,NA,0
3,0,TRUE,4.75,.fr,26
5,15,FALSE,5.5,NA,0
5,28,TRUE,6,.nl,40
6,0,FALSE,4.5,.ch,0
5,17,FALSE,3.75,NA,0
2,16,FALSE,4,.de,0
2,64,TRUE,5.75,NA,27
4,3,FALSE,5.75,NA,0
3,4,FALSE,5.5,NA,0
5,7,FALSE,2.75,NA,0
6,7,FALSE,5.25,.nl,0
5,17,TRUE,4.5,.fr,30
6,15,TRUE,3.75,NA,45
5,14,FALSE,3.25,com,0
6,2,TRUE,3.25,NA,22
2,2,FALSE,6,NA,0
3,3,FALSE,3.25,NA,0
4,4,FALSE,5.5,NA,0
5,4,FALSE,6.25,.es,0
6,3,FALSE,3.25,edu,0
5,6,FALSE,5,.de,0
3,8,FALSE,5.25,.de,0
6,8,TRUE,5,NA,22
2,26,TRUE,5.25,.si,55
3,2,FALSE,4,NA,0
1,6,FALSE,4,.sa,0
5,37,TRUE,3.75,.uk,37
2,26,TRUE,5,NA,46
2,35,TRUE,5.5,NA,27
6,0,FALSE,4.5,NA,0
7,7,FALSE,2,NA,0
6,10,TRUE,6.25,NA,57
2,37,FALSE,5,mil,0
3,2,FALSE,5,.se,0
1,1,FALSE,6.25,NA,0
6,5,FALSE,4.25,NA,0
6,4,FALSE,5.25,NA,0
5,10,FALSE,5.75,NA,0
6,2,FALSE,3,.de,0
1,9,TRUE,5.75,.hu,26
3,14,FALSE,6,NA,0
3,4,FALSE,4.25,NA,0
4,2,TRUE,4.5,.bg,36
4,9,FALSE,5.75,edu,0
3,7,TRUE,5.25,NA,40
5,3,FALSE,3.75,.de,0
3,11,TRUE,6.25,NA,19
7,1,FALSE,2.5,.fr,0
6,30,TRUE,4.5,.ca,34
4,9,TRUE,4.25,.cz,32
4,2,FALSE,5.5,.au,0
6,5,FALSE,4.5,edu,0
6,6,FALSE,3.5,.de,0
2,4,TRUE,6,NA,34
4,4,FALSE,3.25,NA,0
1,0,TRUE,7,.ie,28
3,3,FALSE,6.75,edu,0
4,5,FALSE,4,com,0
2,0,FALSE,6,.uk,0
3,5,TRUE,6.25,NA,25
5,16,FALSE,5.5,NA,0
3,21,TRUE,6.25,NA,36
4,17,TRUE,5.25,.fr,52
5,8,TRUE,2.5,NA,32
4,0,FALSE,5.25,NA,0
4,8,FALSE,5.25,.de,0
5,1,FALSE,5.25,NA,0
5,18,FALSE,4.75,NA,0
5,5,FALSE,5,NA,0
4,3,FALSE,4.25,NA,0
2,13,TRUE,5.75,.hu,35
4,0,FALSE,5.5,NA,0
6,8,FALSE,6.75,edu,0
2,6,TRUE,5.5,NA,35
4,3,FALSE,4,.ca,0
6,8,FALSE,4.5,gov,0
3,30,TRUE,5.5,NA,37
1,8,FALSE,3,.br,0
3,2,TRUE,2.75,com,24
2,25,FALSE,6.5,NA,0
4,28,TRUE,2,.mx,35
3,12,FALSE,5.5,gov,0
6,3,FALSE,4.25,edu,0
7,0,FALSE,1.5,NA,0
3,28,TRUE,5.25,NA,37
5,7,FALSE,6.25,.de,0
5,0,FALSE,6.5,edu,0
3,55,TRUE,5.75,.uk,33
7,18,FALSE,5.25,edu,0
2,21,TRUE,2.75,NA,39
2,7,TRUE,5,.no,30
3,8,TRUE,5,.cn,26
6,4,FALSE,2.5,.uk,0
6,6,FALSE,2.25,NA,0
4,6,FALSE,5.25,NA,0
2,4,FALSE,6,NA,0
6,7,FALSE,5.5,.pl,0
2,8,FALSE,5,edu,0
5,4,TRUE,3.5,NA,31
6,9,FALSE,3.75,edu,0
5,3,FALSE,3.75,.ch,0
5,9,TRUE,6.25,NA,31
5,20,TRUE,4.5,NA,22
5,4,FALSE,5,NA,0
4,6,FALSE,4.75,.de,0
5,4,FALSE,5.75,NA,0
2,3,FALSE,5.75,NA,0
3,0,FALSE,6.25,NA,0
5,3,TRUE,4.5,.es,1
6,15,TRUE,5.25,NA,31
5,3,TRUE,3.5,.de,30
4,4,FALSE,5.75,NA,0
4,14,TRUE,5.75,NA,24
5,2,FALSE,5,NA,0
2,10,FALSE,5.5,.de,0
5,3,TRUE,4,edu,22
4,2,FALSE,5.25,NA,0
6,8,FALSE,5.75,NA,0
3,17,TRUE,4.75,.in,36
1,28,FALSE,3.75,NA,0
3,1,FALSE,4.5,.sk,0
6,1,TRUE,1.75,edu,23
5,9,TRUE,5,.cn,31
5,17,FALSE,3.5,NA,0
5,6,FALSE,4.75,edu,0
5,6,FALSE,4.75,edu,0
5,6,TRUE,5.25,.br,32
4,4,FALSE,3.75,NA,0
7,4,FALSE,2.5,.it,0
3,4,TRUE,4.75,.de,39
6,14,TRUE,6.25,NA,32
3,4,TRUE,3.5,NA,30
5,22,FALSE,4,NA,0
3,4,FALSE,6,NA,0
5,1,FALSE,3,edu,0
5,6,FALSE,2.25,NA,0
6,5,FALSE,5,NA,0
5,6,FALSE,5.5,NA,0
6,10,FALSE,4,NA,0
6,15,FALSE,4.75,edu,0
5,8,TRUE,5.75,edu,27
7,3,FALSE,5.25,NA,0
5,13,TRUE,5.25,.cl,27
5,5,FALSE,6.25,NA,0
5,5,FALSE,6,NA,0
4,7,TRUE,6,NA,31
4,17,TRUE,6.25,.eu,32
5,2,FALSE,3,NA,0
5,4,FALSE,5.25,NA,0
2,36,TRUE,6.25,.at,36
6,3,FALSE,2,com,0
5,7,FALSE,4.25,.it,0
5,7,FALSE,4.25,.it,0
2,8,FALSE,5.5,.ee,0
6,3,FALSE,3.25,NA,0
2,22,TRUE,5.5,.se,45
3,8,TRUE,5,NA,33
6,10,FALSE,2.25,NA,0
3,5,FALSE,6,NA,0
6,10,FALSE,2.75,.eu,0
1,25,TRUE,6,NA,34
4,12,FALSE,3.5,NA,0
5,4,FALSE,5.25,.ch,0
6,1,FALSE,4.25,NA,0
4,13,FALSE,4.25,NA,0
6,3.28,FALSE,6.5,.co,0
4,6,FALSE,6.25,.br,0
5,3,FALSE,3.75,NA,0
3,1,FALSE,3,.jp,0
1,0,FALSE,6.25,NA,0
3,9,TRUE,6,NA,28
4,0,FALSE,6.25,NA,0
1,7,TRUE,6.5,NA,33
6,3,FALSE,4.75,NA,0
5,0,FALSE,3.75,NA,0
4,11,TRUE,4,NA,28
5,0,FALSE,5,NA,0
5,12,FALSE,2.75,NA,0
4,59,TRUE,5.25,NA,36
6,0,TRUE,7,NA,21
4,19,TRUE,6,NA,38
2,2,FALSE,6,NA,0
6,2,FALSE,3,NA,0
2,17,TRUE,5.75,NA,30
2,40,TRUE,5.75,NA,35
5,19,TRUE,3.25,NA,38
2,2,FALSE,6.5,NA,0
5,3,FALSE,3.25,NA,0
1,31,TRUE,4.75,NA,32
6,17,TRUE,5,NA,36
6,23,TRUE,2.5,NA,39
3,0,FALSE,4.5,NA,0
1,17,TRUE,6.5,NA,35
5,15,FALSE,4.75,NA,0
4,26,TRUE,5,NA,24
6,2,FALSE,3.25,NA,0
4,1,FALSE,3.5,NA,0
5,2,FALSE,3.5,NA,0
4,19,FALSE,5,NA,0
4,0,FALSE,3.75,NA,0
2,1,TRUE,5.75,NA,25
2,3,FALSE,4.5,NA,0
3,2,FALSE,3.75,NA,0
6,10,FALSE,4,NA,0
5,1,FALSE,3.75,NA,0
4,3,FALSE,5,NA,0
4,7,FALSE,4.25,NA,0
4,1,FALSE,5,NA,0
3,14,TRUE,3,NA,43
2,0,FALSE,5.75,NA,0
3,15,FALSE,5.75,NA,0
6,5,FALSE,5,NA,0
2,2,TRUE,4.75,NA,22
5,13,FALSE,5.5,NA,0
3,33,TRUE,6,NA,31
7,13,FALSE,3.5,NA,0
2,0,TRUE,2.75,NA,27
5,1,FALSE,4.5,NA,0
5,0,FALSE,5.5,NA,0
3,5,FALSE,5.75,NA,0
4,6,FALSE,4,NA,0
6,2,FALSE,3.25,NA,0
5,10,FALSE,5.25,NA,0
5,0,FALSE,5.5,NA,0
4,0,FALSE,4.5,NA,0
4,0,FALSE,5.75,NA,0
2,36,FALSE,6,NA,0
3,17,FALSE,5,NA,0
5,5,FALSE,4.75,NA,0
3,4,TRUE,5.75,NA,26
4,19.11,TRUE,5.5,NA,25
5,0,FALSE,5,NA,0
4,5,FALSE,4.25,NA,0
5,3,FALSE,5.5,NA,0
5,33,TRUE,6,NA,45
1,2,TRUE,5.75,NA,25
5,41,TRUE,6,NA,34
5,9,FALSE,4.5,NA,0
2,10,TRUE,5.5,NA,30
4,5,TRUE,2.75,NA,32
1,0,FALSE,4.75,NA,0
5,5,FALSE,4.25,NA,0
5,0,FALSE,6,NA,0
3,10,TRUE,6,NA,32
5,37,TRUE,6.25,NA,29
4,1,FALSE,5.25,NA,0
4,2,FALSE,2.75,NA,0
7,10,TRUE,4.25,NA,32
5,0,FALSE,5,NA,0
3,2,FALSE,4,NA,0
5,28,TRUE,6.25,NA,40
4,2,FALSE,3,NA,0
4,10,FALSE,6.25,NA,0
5,1,TRUE,4,NA,30
2,7,FALSE,5.25,NA,0
5,8,FALSE,6.25,NA,0
3,1,FALSE,5.25,NA,0
6,18,TRUE,4.25,NA,32
4,0,FALSE,5,NA,0
4,0,FALSE,6.25,NA,0
7,1,TRUE,5.25,NA,28
5,6,TRUE,6.25,NA,30
4,3,FALSE,5.75,NA,0
4,7,FALSE,6,NA,0
1,50,TRUE,5.5,NA,30
1,3,FALSE,7,NA,0
6,10,FALSE,5,NA,0
4,9,FALSE,6.25,NA,0
4,25,TRUE,4.75,NA,34
6,22,FALSE,3.25,NA,0
4,2,FALSE,5,NA,0
4,3,FALSE,3.25,NA,0
5,1,FALSE,5.75,NA,0
5,1,TRUE,5.75,NA,25
5,0,FALSE,5.25,NA,0
4,1,FALSE,2.75,NA,0
4,17,TRUE,3.75,NA,22
4,2,FALSE,5,NA,0
2,69,TRUE,5.5,NA,38
6,4,FALSE,6,NA,0
5,1,FALSE,3.75,NA,0
5,17,TRUE,3.25,NA,39
4,4,TRUE,4.5,NA,30
6,1,FALSE,2.75,NA,0
4,0,FALSE,4.25,NA,0
5,2,FALSE,4.5,NA,0
5,14,TRUE,4.25,NA,31
4,2,TRUE,3,NA,22
6,18,TRUE,6,NA,38
5,0,FALSE,3.75,NA,0
6,0,FALSE,4.5,NA,0
3,1,TRUE,6,NA,27
7,6,FALSE,4,NA,0
7,7,FALSE,4.75,NA,0
1,1,FALSE,5.5,NA,0
4,16,FALSE,4.5,NA,0
5,21,FALSE,6,NA,0
6,2,FALSE,4.5,NA,0
4,2,FALSE,5.25,NA,0
5,3,FALSE,5.25,NA,0
5,0,FALSE,3.5,NA,0
4,1,TRUE,5.75,NA,22
2,1,FALSE,3.75,NA,0
6,4,FALSE,6,NA,0
4,0,FALSE,6.25,NA,0
6,1,FALSE,4.5,NA,0
4,54,TRUE,5.25,NA,30
5,10,TRUE,5.25,NA,32
5,2,FALSE,3,NA,0
5,4,FALSE,4.5,NA,0
3,3,FALSE,6.25,NA,0
3,1,TRUE,5.5,NA,35
3,7,TRUE,6.75,NA,33
4,11,FALSE,4.75,NA,0
5,10,FALSE,4,NA,0
1,3,FALSE,7,NA,0
4,0,TRUE,4.25,NA,28
4,1,FALSE,4.75,NA,0
6,3,TRUE,2.5,NA,30
6,4,TRUE,3.75,NA,29
2,35,TRUE,4.5,NA,35
1,15,FALSE,7,NA,0
6,1,FALSE,3.75,NA,0
5,0,FALSE,4.5,NA,0
5,1,FALSE,5.75,NA,0
6,15,TRUE,3.5,NA,40
4,4,FALSE,6,NA,0
4,1,FALSE,5.75,NA,0
5,24,TRUE,4.75,NA,35
2,2,FALSE,5,NA,0
4,7,FALSE,5.75,NA,0
3,18,TRUE,4.75,NA,29
1,8,TRUE,6.5,NA,30
6,0,FALSE,5.25,NA,0
3,0,FALSE,5.25,NA,0
4,20,FALSE,4,NA,0
1,4,TRUE,4.25,NA,31
5,0,FALSE,5,NA,0
7,18,FALSE,2.75,NA,0
4,3,TRUE,5,NA,24
4,0,FALSE,3.75,NA,0
4,2,FALSE,6.25,NA,0
5,4,FALSE,3.25,NA,0
1,8,FALSE,5.75,NA,0
6,1,FALSE,6,NA,0
4,1,FALSE,5.25,NA,0
7,17,TRUE,6.75,NA,23
5,10,FALSE,5.75,NA,0
4,1,TRUE,4.5,NA,25
4,0,FALSE,3.75,NA,0
5,0,FALSE,5.75,NA,0
1,1,TRUE,6,NA,23
4,79,TRUE,5.5,NA,33
4,7,FALSE,3.75,NA,0
4,1,FALSE,5.75,NA,0
3,6,TRUE,3.25,NA,24
6,4,TRUE,4.25,NA,21
4,10,TRUE,5.5,NA,33
2,5,FALSE,5.5,NA,0
1,6,TRUE,6,NA,29
2,6,FALSE,6.5,NA,0
2,2,FALSE,6,NA,0
5,14,TRUE,6,NA,36
2,0,FALSE,5.5,NA,0
5,9,TRUE,5.5,NA,42
4,60,TRUE,4.5,NA,28
6,1,FALSE,3,NA,0
6,2,FALSE,3.5,NA,0
4,32,TRUE,5,NA,33
6,0,FALSE,3.25,NA,0
3,1,FALSE,5.75,NA,0
4,3,FALSE,5.25,NA,0
4,9,TRUE,4.5,NA,34
5,1,FALSE,5.5,NA,0
6,0,FALSE,3.5,NA,0
4,0,FALSE,4.25,NA,0
5,41,FALSE,5.25,NA,0
3,2,FALSE,5,NA,0
6,4,TRUE,3.75,NA,29
7,16,FALSE,2,NA,0
1,26,TRUE,4.25,NA,30
1,20,TRUE,5.75,NA,33
6,4,FALSE,4,NA,0
5,17,TRUE,5.75,NA,29
3,5,FALSE,3.25,NA,0
3,3,FALSE,4.25,NA,0
6,1,FALSE,3.75,NA,0
6,0,FALSE,5.75,NA,0
6,3,FALSE,4.25,NA,0
5,4,FALSE,4.25,NA,0
4,2,FALSE,5.75,NA,0
5,0,TRUE,6,NA,22
3,4,FALSE,5.5,NA,0
6,15,FALSE,3.5,NA,0
4,0,FALSE,6,NA,0
4,5,FALSE,4,NA,0
6,16,TRUE,6.5,NA,30
5,30,TRUE,5.5,NA,37
2,1,FALSE,5.25,NA,0
5,2,FALSE,3.75,NA,0
5,3,FALSE,3.75,NA,0
2,1,FALSE,5.25,NA,0
2,3,FALSE,6.75,NA,0
7,6,FALSE,3.5,NA,0
6,4,FALSE,5,NA,0
3,10,TRUE,5.25,NA,38
2,1,FALSE,6.5,NA,0
4,8,TRUE,6.25,NA,25
5,61,TRUE,5.25,NA,35
7,12,TRUE,3.25,NA,29
6,3,FALSE,3.25,NA,0
5,0,FALSE,2.5,NA,0
6,1,FALSE,3.75,NA,0
7,2,FALSE,3,NA,0
1,6,TRUE,6.25,NA,36
6,3,FALSE,2.75,NA,0
1,2,TRUE,5.5,NA,26
4,2,FALSE,5.25,NA,0
5,11,TRUE,3,NA,38
4,0,FALSE,4.5,NA,0
5,46,TRUE,5.5,NA,38
3,1,FALSE,6,NA,0
5,1,FALSE,2.25,NA,0
4,0,FALSE,5,NA,0
6,3,FALSE,4,NA,0
3,3,FALSE,6.25,NA,0
6,0,FALSE,5.75,NA,0
3,2,TRUE,6.75,NA,32
6,5,TRUE,3.75,NA,26
4,10,FALSE,2.25,NA,0
4,0,FALSE,5.5,NA,0
6,1,FALSE,3.25,NA,0
6,10,FALSE,5.25,NA,0
3,2,TRUE,5.5,NA,35
6,5,FALSE,4.25,NA,0
6,15,FALSE,5.5,NA,0
4,0,FALSE,5.75,NA,0
4,3,FALSE,3.75,NA,0
4,0,FALSE,4.5,NA,0
4,8,FALSE,3.25,NA,0
6,0,FALSE,5.25,NA,0
4,1,FALSE,5,NA,0
6,2,FALSE,2.75,NA,0
4,2,FALSE,5,NA,0
4,4,FALSE,5.75,NA,0
7,8,FALSE,3.5,NA,0
4,0,FALSE,6.75,NA,0
6,18,TRUE,4,NA,36
3,4,FALSE,5.5,NA,0
4,21,TRUE,6,NA,34
7,1,FALSE,3,NA,0
4,3,FALSE,5.25,NA,0
1,8,TRUE,5.5,NA,22
5,3,FALSE,3.75,NA,0
2,0,FALSE,4.75,NA,0
4,0,FALSE,4.75,edu,0
1,6,TRUE,6.75,NA,24
5,1,FALSE,5.5,com,0
1,2,FALSE,6,NA,0
4,4,FALSE,5.25,edu,0
7,1,FALSE,1,com,0
4,5,FALSE,6,com,0
5,97,TRUE,6,.in,32
3,7,FALSE,5.25,NA,0