,,,,,,,,,,,,SUMMARY,,,,,,,,,,,,,,,,,,
,2021-22,2020-21,2019-20,2018-19,2017-18,2016-17,2015-16,2014-15,2013-14,2012-13,2011-12,2010-11,2009-10,2008-09,2007-08,2006-07,2005-06,2004-05,2003-04,2002-03,2001-02,2000-01,1999-00,1998-99,1997-98,1996-97,1995-96,1994-95,1993-94,1992-93
Arsenal,5,8,8,5,6,5,2,3,4,4,3,4,3,4,3,4,4,2,1,2,1,2,2,2,1,3,5,12,4,10
AstonVilla,14,11,17,,,,20,17,15,15,16,9,6,6,6,11,16,10,6,16,8,8,6,6,7,5,4,18,10,
Barnsley,,,,,,,,,,,,,,,,,,,,,,,,,19,,,,,
BirminghamCity,,,,,,,,,,,,18,9,,19,,18,12,10,13,,,,,,,,,,
BlackburnRovers,,,,,,,,,,,19,15,10,15,7,10,6,15,15,6,10,,,19,6,13,7,1,2,4
Blackpool,,,,,,,,,,,,19,,,,,,,,,,,,,,,,,,
BoltonWanderers,,,,,,,,,,,18,14,14,13,16,7,8,6,8,17,16,,,,18,,20,,,
Bournemouth,,,18,14,12,9,16,,,,,,,,,,,,,,,,,,,,,,,
BradfordCity,,,,,,,,,,,,,,,,,,,,,,20,17,,,,,,,
Brentford,13,,,,,,,,,,,,,,,,,,,,,,,,,,,,,
Brighton&HoveAlbion,9,16,15,17,15,,,,,,,,,,,,,,,,,,,,,,,,,
Burnley,18,17,10,15,7,16,,19,,,,,18,,,,,,,,,,,,,,,,,
CardiffCity,,,,18,,,,,20,,,,,,,,,,,,,,,,,,,,,
CharltonAthletic,,,,,,,,,,,,,,,,19,13,11,7,12,14,9,,18,,,,,,
Chelsea,3,4,4,3,5,1,10,1,3,3,6,2,1,3,2,2,1,1,2,4,6,6,5,3,4,6,11,11,14,11
CoventryCity,,,,,,,,,,,,,,,,,,,,,,19,14,15,11,17,16,16,11,15
CrystalPalace,12,14,14,12,11,14,15,10,11,,,,,,,,,18,,,,,,,20,,,19,,20
DerbyCounty,,,,,,,,,,,,,,,20,,,,,,19,17,16,8,9,12,,,,
Everton,16,10,12,8,8,7,11,11,5,6,7,7,8,5,5,6,11,4,17,7,15,16,13,14,17,15,6,15,17,13
Fulham,,18,,19,,,,,19,12,9,8,12,7,17,16,12,13,9,14,13,,,,,,,,,
HuddersfieldTown,,,,20,16,,,,,,,,,,,,,,,,,,,,,,,,,
HullCity,,,,,,18,,18,16,,,,19,17,,,,,,,,,,,,,,,,
IpswichTown,,,,,,,,,,,,,,,,,,,,,18,5,,,,,,22,19,16
LeedsUnited,17,9,,,,,,,,,,,,,,,,,19,15,5,4,3,4,5,11,13,5,5,17
LeicesterCity,8,5,5,9,9,12,1,14,,,,,,,,,,,18,,20,13,8,10,10,9,,21,,
Liverpool,2,3,1,2,4,4,8,6,2,7,8,6,7,2,4,3,3,5,4,5,2,3,4,7,3,4,3,4,8,6
ManchesterCity,1,1,2,1,1,3,4,2,1,2,1,3,5,10,9,14,15,8,16,9,,18,,,,,18,17,16,9
ManchesterUnited,6,2,3,6,2,6,5,4,7,1,2,1,2,1,1,1,2,3,3,1,3,1,1,1,2,1,1,2,1,
Middlesbrough,,,,,,19,,,,,,,,19,13,12,14,7,11,11,12,14,12,9,,19,12,,,21
NewcastleUnited,11,12,13,13,10,,18,15,10,16,5,12,,18,12,13,7,14,5,3,4,11,11,13,13,2,2,6,3,
NorwichCity,20,,20,,,,19,,18,11,12,,,,,,,19,,,,,,,,,,20,12,3
NottinghamForest,,,,,,,,,,,,,,,,,,,,,,,,20,,20,9,3,,22
OldhamAthletic,,,,,,,,,,,,,,,,,,,,,,,,,,,,,21,19
Portsmouth,,,,,,,,,,,,,20,14,8,9,17,16,13,,,,,,,,,,,
QueensParkRangers,,,,,,,,20,,20,17,,,,,,,,,,,,,,,,19,8,9,5
Reading,,,,,,,,,,19,,,,,18,8,,,,,,,,,,,,,,
SheffieldUnited,,20,9,,,,,,,,,,,,,18,,,,,,,,,,,,,20,14
SheffieldWednesday,,,,,,,,,,,,,,,,,,,,,,,19,12,16,7,15,13,7,7
Southampton,15,15,11,16,17,8,6,7,8,14,,,,,,,,20,12,8,11,10,15,17,12,16,17,10,18,18
StokeCity,,,,,19,13,9,9,9,13,14,13,11,12,,,,,,,,,,,,,,,,
Sunderland,,,,,,20,17,16,14,17,13,10,13,16,15,,20,,,20,17,7,7,,,18,,,,
SwanseaCity,,,,,18,15,12,8,12,9,11,,,,,,,,,,,,,,,,,,,
SwindonTown,,,,,,,,,,,,,,,,,,,,,,,,,,,,,22,
TottenhamHotspur,4,7,6,4,3,2,3,5,6,5,4,5,4,8,11,5,5,9,14,10,9,12,10,11,14,10,8,7,15,8
Watford,19,,19,11,14,17,13,,,,,,,,,20,,,,,,,20,,,,,,,
WestBromwichAlbion,,19,,,20,10,14,13,17,8,10,11,,20,,,19,17,,19,,,,,,,,,,
WestHamUnited,7,6,16,10,13,11,7,12,13,10,,20,17,9,10,15,9,,,18,7,15,9,5,8,14,10,14,13,
WiganAthletic,,,,,,,,,,18,15,16,16,11,14,17,10,,,,,,,,,,,,,
Wimbledon,,,,,,,,,,,,,,,,,,,,,,,18,16,15,8,14,9,6,12
WolverhamptonWanderers,10,13,7,7,,,,,,,20,17,15,,,,,,20,,,,,,,,,,,
,,,,,,,,,,,,,,,,,,,,,,,,,,,,,,
,,,,DETAILS,,,,,,,,,,,,,,,,,,,,,,,,,,
TEAM,PLAYED,WIN,DRAW,LOST,GOAL_FOR,GOAL_AGAINST,GOAL_DIFF,POINTS,POSITION,QUALIFICATION_RELEGATION,SEASON,,,,,,,,,,,,,,,,,,,
ManchesterCity,38,29,6,3,99,26,73,93,1,QualificationfortheChampionsLeaguegroupstage,2021-22,,,,,,,,,,,,,,,,,,,
Liverpool,38,28,8,2,94,26,68,92,2,QualificationfortheChampionsLeaguegroupstage,2021-22,,,,,,,,,,,,,,,,,,,
Chelsea,38,21,11,6,76,33,43,74,3,QualificationfortheChampionsLeaguegroupstage,2021-22,,,,,,,,,,,,,,,,,,,
TottenhamHotspur,38,22,5,11,69,40,29,71,4,QualificationfortheChampionsLeaguegroupstage,2021-22,,,,,,,,,,,,,,,,,,,
Arsenal,38,22,3,13,61,48,13,69,5,QualificationfortheEuropaLeaguegroupstage,2021-22,,,,,,,,,,,,,,,,,,,
ManchesterUnited,38,16,10,12,57,57,0,58,6,QualificationfortheEuropaLeaguegroupstage,2021-22,,,,,,,,,,,,,,,,,,,
WestHamUnited,38,16,8,14,60,51,9,56,7,QualificationfortheEuropaConferenceLeagueplay-offround,2021-22,,,,,,,,,,,,,,,,,,,
LeicesterCity,38,14,10,14,62,59,3,52,8,,2021-22,,,,,,,,,,,,,,,,,,,
Brighton&HoveAlbion,38,12,15,11,42,44,?2,51,9,,2021-22,,,,,,,,,,,,,,,,,,,
WolverhamptonWanderers,38,15,6,17,38,43,?5,51,10,,2021-22,,,,,,,,,,,,,,,,,,,
NewcastleUnited,38,13,10,15,44,62,?18,49,11,,2021-22,,,,,,,,,,,,,,,,,,,
CrystalPalace,38,11,15,12,50,46,4,48,12,,2021-22,,,,,,,,,,,,,,,,,,,
Brentford,38,13,7,18,48,56,?8,46,13,,2021-22,,,,,,,,,,,,,,,,,,,
AstonVilla,38,13,6,19,52,54,?2,45,14,,2021-22,,,,,,,,,,,,,,,,,,,
Southampton,38,9,13,16,43,67,?24,40,15,,2021-22,,,,,,,,,,,,,,,,,,,
Everton,38,11,6,21,43,66,?23,39,16,,2021-22,,,,,,,,,,,,,,,,,,,
LeedsUnited,38,9,11,18,42,79,?37,38,17,,2021-22,,,,,,,,,,,,,,,,,,,
Burnley,38,7,14,17,34,53,?19,35,18,RelegationtotheEFLChampionship,2021-22,,,,,,,,,,,,,,,,,,,
Watford,38,6,5,27,34,77,?43,23,19,RelegationtotheEFLChampionship,2021-22,,,,,,,,,,,,,,,,,,,
NorwichCity,38,5,7,26,23,84,?61,22,20,RelegationtotheEFLChampionship,2021-22,,,,,,,,,,,,,,,,,,,
TEAM,PLAYED,WIN,DRAW,LOST,GOAL_FOR,GOAL_AGAINST,GOAL_DIFF,POINTS,POSITION,QUALIFICATION_RELEGATION,SEASON,,,,,,,,,,,,,,,,,,,
ManchesterCity,38,27,5,6,83,32,51,86,1,QualificationfortheChampionsLeaguegroupstage,2020-21,,,,,,,,,,,,,,,,,,,
ManchesterUnited,38,21,11,6,73,44,29,74,2,QualificationfortheChampionsLeaguegroupstage,2020-21,,,,,,,,,,,,,,,,,,,
Liverpool,38,20,9,9,68,42,26,69,3,QualificationfortheChampionsLeaguegroupstage,2020-21,,,,,,,,,,,,,,,,,,,
Chelsea,38,19,10,9,58,36,22,67,4,QualificationfortheChampionsLeaguegroupstage,2020-21,,,,,,,,,,,,,,,,,,,
LeicesterCity,38,20,6,12,68,50,18,66,5,QualificationfortheEuropaLeaguegroupstage,2020-21,,,,,,,,,,,,,,,,,,,
WestHamUnited,38,19,8,11,62,47,15,65,6,QualificationfortheEuropaLeaguegroupstage,2020-21,,,,,,,,,,,,,,,,,,,
TottenhamHotspur,38,18,8,12,68,45,23,62,7,QualificationfortheEuropaConferenceLeagueplay-offround,2020-21,,,,,,,,,,,,,,,,,,,
Arsenal,38,18,7,13,55,39,16,61,8,,2020-21,,,,,,,,,,,,,,,,,,,
LeedsUnited,38,18,5,15,62,54,8,59,9,,2020-21,,,,,,,,,,,,,,,,,,,
Everton,38,17,8,13,47,48,?1,59,10,,2020-21,,,,,,,,,,,,,,,,,,,
AstonVilla,38,16,7,15,55,46,9,55,11,,2020-21,,,,,,,,,,,,,,,,,,,
NewcastleUnited,38,12,9,17,46,62,?16,45,12,,2020-21,,,,,,,,,,,,,,,,,,,
WolverhamptonWanderers,38,12,9,17,36,52,?16,45,13,,2020-21,,,,,,,,,,,,,,,,,,,
CrystalPalace,38,12,8,18,41,66,?25,44,14,,2020-21,,,,,,,,,,,,,,,,,,,
Southampton,38,12,7,19,47,68,?21,43,15,,2020-21,,,,,,,,,,,,,,,,,,,
Brighton&HoveAlbion,38,9,14,15,40,46,?6,41,16,,2020-21,,,,,,,,,,,,,,,,,,,
Burnley,38,10,9,19,33,55,?22,39,17,,2020-21,,,,,,,,,,,,,,,,,,,
Fulham,38,5,13,20,27,53,?26,28,18,RelegationtotheEFLChampionship,2020-21,,,,,,,,,,,,,,,,,,,
WestBromwichAlbion,38,5,11,22,35,76,?41,26,19,RelegationtotheEFLChampionship,2020-21,,,,,,,,,,,,,,,,,,,
SheffieldUnited,38,7,2,29,20,63,?43,23,20,RelegationtotheEFLChampionship,2020-21,,,,,,,,,,,,,,,,,,,
TEAM,PLAYED,WIN,DRAW,LOST,GOAL_FOR,GOAL_AGAINST,GOAL_DIFF,POINTS,POSITION,QUALIFICATION_RELEGATION,SEASON,,,,,,,,,,,,,,,,,,,
Liverpool,38,32,3,3,85,33,52,99,1,QualificationfortheChampionsLeaguegroupstage,2019-20,,,,,,,,,,,,,,,,,,,
ManchesterCity,38,26,3,9,102,35,67,81,2,QualificationfortheChampionsLeaguegroupstage,2019-20,,,,,,,,,,,,,,,,,,,
ManchesterUnited,38,18,12,8,66,36,30,66,3,QualificationfortheChampionsLeaguegroupstage,2019-20,,,,,,,,,,,,,,,,,,,
Chelsea,38,20,6,12,69,54,15,66,4,QualificationfortheChampionsLeaguegroupstage,2019-20,,,,,,,,,,,,,,,,,,,
LeicesterCity,38,18,8,12,67,41,26,62,5,QualificationfortheEuropaLeaguegroupstage,2019-20,,,,,,,,,,,,,,,,,,,
TottenhamHotspur,38,16,11,11,61,47,14,59,6,QualificationfortheEuropaLeaguesecondqualifyinground,2019-20,,,,,,,,,,,,,,,,,,,
WolverhamptonWanderers,38,15,14,9,51,40,11,59,7,,2019-20,,,,,,,,,,,,,,,,,,,
Arsenal,38,14,14,10,56,48,8,56,8,QualificationfortheEuropaLeaguegroupstage,2019-20,,,,,,,,,,,,,,,,,,,
SheffieldUnited,38,14,12,12,39,39,0,54,9,,2019-20,,,,,,,,,,,,,,,,,,,
Burnley,38,15,9,14,43,50,?7,54,10,,2019-20,,,,,,,,,,,,,,,,,,,
Southampton,38,15,7,16,51,60,?9,52,11,,2019-20,,,,,,,,,,,,,,,,,,,
Everton,38,13,10,15,44,56,?12,49,12,,2019-20,,,,,,,,,,,,,,,,,,,
NewcastleUnited,38,11,11,16,38,58,?20,44,13,,2019-20,,,,,,,,,,,,,,,,,,,
CrystalPalace,38,11,10,17,31,50,?19,43,14,,2019-20,,,,,,,,,,,,,,,,,,,
Brighton&HoveAlbion,38,9,14,15,39,54,?15,41,15,,2019-20,,,,,,,,,,,,,,,,,,,
WestHamUnited,38,10,9,19,49,62,?13,39,16,,2019-20,,,,,,,,,,,,,,,,,,,
AstonVilla,38,9,8,21,41,67,?26,35,17,,2019-20,,,,,,,,,,,,,,,,,,,
Bournemouth,38,9,7,22,40,65,?25,34,18,RelegationtotheEFLChampionship,2019-20,,,,,,,,,,,,,,,,,,,
Watford,38,8,10,20,36,64,?28,34,19,RelegationtotheEFLChampionship,2019-20,,,,,,,,,,,,,,,,,,,
NorwichCity,38,5,6,27,26,75,?49,21,20,RelegationtotheEFLChampionship,2019-20,,,,,,,,,,,,,,,,,,,
TEAM,PLAYED,WIN,DRAW,LOST,GOAL_FOR,GOAL_AGAINST,GOAL_DIFF,POINTS,POSITION,QUALIFICATION_RELEGATION,SEASON,,,,,,,,,,,,,,,,,,,
ManchesterCity,38,32,2,4,95,23,72,98,1,QualificationfortheChampionsLeaguegroupstage,2018-19,,,,,,,,,,,,,,,,,,,
Liverpool,38,30,7,1,89,22,67,97,2,QualificationfortheChampionsLeaguegroupstage,2018-19,,,,,,,,,,,,,,,,,,,
Chelsea,38,21,9,8,63,39,24,72,3,QualificationfortheChampionsLeaguegroupstage,2018-19,,,,,,,,,,,,,,,,,,,
TottenhamHotspur,38,23,2,13,67,39,28,71,4,QualificationfortheChampionsLeaguegroupstage,2018-19,,,,,,,,,,,,,,,,,,,
Arsenal,38,21,7,10,73,51,22,70,5,QualificationfortheEuropaLeaguegroupstage,2018-19,,,,,,,,,,,,,,,,,,,
ManchesterUnited,38,19,9,10,65,54,11,66,6,QualificationfortheEuropaLeaguegroupstage,2018-19,,,,,,,,,,,,,,,,,,,
WolverhamptonWanderers,38,16,9,13,47,46,1,57,7,QualificationfortheEuropaLeaguesecondqualifyinground,2018-19,,,,,,,,,,,,,,,,,,,
Everton,38,15,9,14,54,46,8,54,8,,2018-19,,,,,,,,,,,,,,,,,,,
LeicesterCity,38,15,7,16,51,48,3,52,9,,2018-19,,,,,,,,,,,,,,,,,,,
WestHamUnited,38,15,7,16,52,55,?3,52,10,,2018-19,,,,,,,,,,,,,,,,,,,
Watford,38,14,8,16,52,59,?7,50,11,,2018-19,,,,,,,,,,,,,,,,,,,
CrystalPalace,38,14,7,17,51,53,?2,49,12,,2018-19,,,,,,,,,,,,,,,,,,,
NewcastleUnited,38,12,9,17,42,48,?6,45,13,,2018-19,,,,,,,,,,,,,,,,,,,
Bournemouth,38,13,6,19,56,70,?14,45,14,,2018-19,,,,,,,,,,,,,,,,,,,
Burnley,38,11,7,20,45,68,?23,40,15,,2018-19,,,,,,,,,,,,,,,,,,,
Southampton,38,9,12,17,45,65,?20,39,16,,2018-19,,,,,,,,,,,,,,,,,,,
Brighton&HoveAlbion,38,9,9,20,35,60,?25,36,17,,2018-19,,,,,,,,,,,,,,,,,,,
CardiffCity,38,10,4,24,34,69,?35,34,18,RelegationtotheEFLChampionship,2018-19,,,,,,,,,,,,,,,,,,,
Fulham,38,7,5,26,34,81,?47,26,19,RelegationtotheEFLChampionship,2018-19,,,,,,,,,,,,,,,,,,,
HuddersfieldTown,38,3,7,28,22,76,?54,16,20,RelegationtotheEFLChampionship,2018-19,,,,,,,,,,,,,,,,,,,
TEAM,PLAYED,WIN,DRAW,LOST,GOAL_FOR,GOAL_AGAINST,GOAL_DIFF,POINTS,POSITION,QUALIFICATION_RELEGATION,SEASON,,,,,,,,,,,,,,,,,,,
ManchesterCity,38,32,4,2,106,27,79,100,1,QualificationfortheChampionsLeaguegroupstage,2017-18,,,,,,,,,,,,,,,,,,,
ManchesterUnited,38,25,6,7,68,28,40,81,2,QualificationfortheChampionsLeaguegroupstage,2017-18,,,,,,,,,,,,,,,,,,,
TottenhamHotspur,38,23,8,7,74,36,38,77,3,QualificationfortheChampionsLeaguegroupstage,2017-18,,,,,,,,,,,,,,,,,,,
Liverpool,38,21,12,5,84,38,46,75,4,QualificationfortheChampionsLeaguegroupstage,2017-18,,,,,,,,,,,,,,,,,,,
Chelsea,38,21,7,10,62,38,24,70,5,QualificationfortheEuropaLeaguegroupstage,2017-18,,,,,,,,,,,,,,,,,,,
Arsenal,38,19,6,13,74,51,23,63,6,QualificationfortheEuropaLeaguegroupstage,2017-18,,,,,,,,,,,,,,,,,,,
Burnley,38,14,12,12,36,39,?3,54,7,QualificationfortheEuropaLeaguesecondqualifyinground,2017-18,,,,,,,,,,,,,,,,,,,
Everton,38,13,10,15,44,58,?14,49,8,,2017-18,,,,,,,,,,,,,,,,,,,
LeicesterCity,38,12,11,15,56,60,?4,47,9,,2017-18,,,,,,,,,,,,,,,,,,,
NewcastleUnited,38,12,8,18,39,47,?8,44,10,,2017-18,,,,,,,,,,,,,,,,,,,
CrystalPalace,38,11,11,16,45,55,?10,44,11,,2017-18,,,,,,,,,,,,,,,,,,,
Bournemouth,38,11,11,16,45,61,?16,44,12,,2017-18,,,,,,,,,,,,,,,,,,,
WestHamUnited,38,10,12,16,48,68,?20,42,13,,2017-18,,,,,,,,,,,,,,,,,,,
Watford,38,11,8,19,44,64,?20,41,14,,2017-18,,,,,,,,,,,,,,,,,,,
Brighton&HoveAlbion,38,9,13,16,34,54,?20,40,15,,2017-18,,,,,,,,,,,,,,,,,,,
HuddersfieldTown,38,9,10,19,28,58,?30,37,16,,2017-18,,,,,,,,,,,,,,,,,,,
Southampton,38,7,15,16,37,56,?19,36,17,,2017-18,,,,,,,,,,,,,,,,,,,
SwanseaCity,38,8,9,21,28,56,?28,33,18,RelegationtotheEFLChampionship,2017-18,,,,,,,,,,,,,,,,,,,
StokeCity,38,7,12,19,35,68,?33,33,19,RelegationtotheEFLChampionship,2017-18,,,,,,,,,,,,,,,,,,,
WestBromwichAlbion,38,6,13,19,31,56,?25,31,20,RelegationtotheEFLChampionship,2017-18,,,,,,,,,,,,,,,,,,,
TEAM,PLAYED,WIN,DRAW,LOST,GOAL_FOR,GOAL_AGAINST,GOAL_DIFF,POINTS,POSITION,QUALIFICATION_RELEGATION,SEASON,,,,,,,,,,,,,,,,,,,
Chelsea,38,30,3,5,85,33,52,93,1,QualificationfortheChampionsLeaguegroupstage,2016-17,,,,,,,,,,,,,,,,,,,
TottenhamHotspur,38,26,8,4,86,26,60,86,2,QualificationfortheChampionsLeaguegroupstage,2016-17,,,,,,,,,,,,,,,,,,,
ManchesterCity,38,23,9,6,80,39,41,78,3,QualificationfortheChampionsLeaguegroupstage,2016-17,,,,,,,,,,,,,,,,,,,
Liverpool,38,22,10,6,78,42,36,76,4,QualificationfortheChampionsLeagueplay-offround,2016-17,,,,,,,,,,,,,,,,,,,
Arsenal,38,23,6,9,77,44,33,75,5,QualificationfortheEuropaLeaguegroupstage,2016-17,,,,,,,,,,,,,,,,,,,
ManchesterUnited,38,18,15,5,54,29,25,69,6,QualificationfortheChampionsLeaguegroupstage,2016-17,,,,,,,,,,,,,,,,,,,
Everton,38,17,10,11,62,44,18,61,7,QualificationfortheEuropaLeaguethirdqualifyinground,2016-17,,,,,,,,,,,,,,,,,,,
Southampton,38,12,10,16,41,48,?7,46,8,,2016-17,,,,,,,,,,,,,,,,,,,
Bournemouth,38,12,10,16,55,67,?12,46,9,,2016-17,,,,,,,,,,,,,,,,,,,
WestBromwichAlbion,38,12,9,17,43,51,?8,45,10,,2016-17,,,,,,,,,,,,,,,,,,,
WestHamUnited,38,12,9,17,47,64,?17,45,11,,2016-17,,,,,,,,,,,,,,,,,,,
LeicesterCity,38,12,8,18,48,63,?15,44,12,,2016-17,,,,,,,,,,,,,,,,,,,
StokeCity,38,11,11,16,41,56,?15,44,13,,2016-17,,,,,,,,,,,,,,,,,,,
CrystalPalace,38,12,5,21,50,63,?13,41,14,,2016-17,,,,,,,,,,,,,,,,,,,
SwanseaCity,38,12,5,21,45,70,?25,41,15,,2016-17,,,,,,,,,,,,,,,,,,,
Burnley,38,11,7,20,39,55,?16,40,16,,2016-17,,,,,,,,,,,,,,,,,,,
Watford,38,11,7,20,40,68,?28,40,17,,2016-17,,,,,,,,,,,,,,,,,,,
HullCity,38,9,7,22,37,80,?43,34,18,RelegationtotheEFLChampionship,2016-17,,,,,,,,,,,,,,,,,,,
Middlesbrough,38,5,13,20,27,53,?26,28,19,RelegationtotheEFLChampionship,2016-17,,,,,,,,,,,,,,,,,,,
Sunderland,38,6,6,26,29,69,?40,24,20,RelegationtotheEFLChampionship,2016-17,,,,,,,,,,,,,,,,,,,
TEAM,PLAYED,WIN,DRAW,LOST,GOAL_FOR,GOAL_AGAINST,GOAL_DIFF,POINTS,POSITION,QUALIFICATION_RELEGATION,SEASON,,,,,,,,,,,,,,,,,,,
LeicesterCity,38,23,12,3,68,36,32,81,1,QualificationfortheChampionsLeaguegroupstage,2015-16,,,,,,,,,,,,,,,,,,,
Arsenal,38,20,11,7,65,36,29,71,2,QualificationfortheChampionsLeaguegroupstage,2015-16,,,,,,,,,,,,,,,,,,,
TottenhamHotspur,38,19,13,6,69,35,34,70,3,QualificationfortheChampionsLeaguegroupstage,2015-16,,,,,,,,,,,,,,,,,,,
ManchesterCity,38,19,9,10,71,41,30,66,4,QualificationfortheChampionsLeagueplay-offround,2015-16,,,,,,,,,,,,,,,,,,,
ManchesterUnited,38,19,9,10,49,35,14,66,5,QualificationfortheEuropaLeaguegroupstage,2015-16,,,,,,,,,,,,,,,,,,,
Southampton,38,18,9,11,59,41,18,63,6,QualificationfortheEuropaLeaguegroupstage,2015-16,,,,,,,,,,,,,,,,,,,
WestHamUnited,38,16,14,8,65,51,14,62,7,QualificationfortheEuropaLeaguethirdqualifyinground,2015-16,,,,,,,,,,,,,,,,,,,
Liverpool,38,16,12,10,63,50,13,60,8,,2015-16,,,,,,,,,,,,,,,,,,,
StokeCity,38,14,9,15,41,55,?14,51,9,,2015-16,,,,,,,,,,,,,,,,,,,
Chelsea,38,12,14,12,59,53,6,50,10,,2015-16,,,,,,,,,,,,,,,,,,,
Everton,38,11,14,13,59,55,4,47,11,,2015-16,,,,,,,,,,,,,,,,,,,
SwanseaCity,38,12,11,15,42,52,?10,47,12,,2015-16,,,,,,,,,,,,,,,,,,,
Watford,38,12,9,17,40,50,?10,45,13,,2015-16,,,,,,,,,,,,,,,,,,,
WestBromwichAlbion,38,10,13,15,34,48,?14,43,14,,2015-16,,,,,,,,,,,,,,,,,,,
CrystalPalace,38,11,9,18,39,51,?12,42,15,,2015-16,,,,,,,,,,,,,,,,,,,
Bournemouth,38,11,9,18,45,67,?22,42,16,,2015-16,,,,,,,,,,,,,,,,,,,
Sunderland,38,9,12,17,48,62,?14,39,17,,2015-16,,,,,,,,,,,,,,,,,,,
NewcastleUnited,38,9,10,19,44,65,?21,37,18,RelegationtotheEFLChampionship,2015-16,,,,,,,,,,,,,,,,,,,
NorwichCity,38,9,7,22,39,67,?28,34,19,RelegationtotheEFLChampionship,2015-16,,,,,,,,,,,,,,,,,,,
AstonVilla,38,3,8,27,27,76,?49,17,20,RelegationtotheEFLChampionship,2015-16,,,,,,,,,,,,,,,,,,,
TEAM,PLAYED,WIN,DRAW,LOST,GOAL_FOR,GOAL_AGAINST,GOAL_DIFF,POINTS,POSITION,QUALIFICATION_RELEGATION,SEASON,,,,,,,,,,,,,,,,,,,
Chelsea,38,26,9,3,73,32,41,87,1,QualificationfortheChampionsLeaguegroupstage,2014-15,,,,,,,,,,,,,,,,,,,
ManchesterCity,38,24,7,7,83,38,45,79,2,QualificationfortheChampionsLeaguegroupstage,2014-15,,,,,,,,,,,,,,,,,,,
Arsenal,38,22,9,7,71,36,35,75,3,QualificationfortheChampionsLeaguegroupstage,2014-15,,,,,,,,,,,,,,,,,,,
ManchesterUnited,38,20,10,8,62,37,25,70,4,QualificationfortheChampionsLeagueplay-offround,2014-15,,,,,,,,,,,,,,,,,,,
TottenhamHotspur,38,19,7,12,58,53,5,64,5,QualificationfortheEuropaLeaguegroupstage,2014-15,,,,,,,,,,,,,,,,,,,
Liverpool,38,18,8,12,52,48,4,62,6,QualificationfortheEuropaLeaguegroupstage,2014-15,,,,,,,,,,,,,,,,,,,
Southampton,38,18,6,14,54,33,21,60,7,QualificationfortheEuropaLeaguethirdqualifyinground,2014-15,,,,,,,,,,,,,,,,,,,
SwanseaCity,38,16,8,14,46,49,?3,56,8,,2014-15,,,,,,,,,,,,,,,,,,,
StokeCity,38,15,9,14,48,45,3,54,9,,2014-15,,,,,,,,,,,,,,,,,,,
CrystalPalace,38,13,9,16,47,51,?4,48,10,,2014-15,,,,,,,,,,,,,,,,,,,
Everton,38,12,11,15,48,50,?2,47,11,,2014-15,,,,,,,,,,,,,,,,,,,
WestHamUnited,38,12,11,15,44,47,?3,47,12,QualificationfortheEuropaLeaguefirstqualifyinground,2014-15,,,,,,,,,,,,,,,,,,,
WestBromwichAlbion,38,11,11,16,38,51,?13,44,13,,2014-15,,,,,,,,,,,,,,,,,,,
LeicesterCity,38,11,8,19,46,55,?9,41,14,,2014-15,,,,,,,,,,,,,,,,,,,
NewcastleUnited,38,10,9,19,40,63,?23,39,15,,2014-15,,,,,,,,,,,,,,,,,,,
Sunderland,38,7,17,14,31,53,?22,38,16,,2014-15,,,,,,,,,,,,,,,,,,,
AstonVilla,38,10,8,20,31,57,?26,38,17,,2014-15,,,,,,,,,,,,,,,,,,,
HullCity,38,8,11,19,33,51,?18,35,18,RelegationtotheFootballLeagueChampionship,2014-15,,,,,,,,,,,,,,,,,,,
Burnley,38,7,12,19,28,53,?25,33,19,RelegationtotheFootballLeagueChampionship,2014-15,,,,,,,,,,,,,,,,,,,
QueensParkRangers,38,8,6,24,42,73,?31,30,20,RelegationtotheFootballLeagueChampionship,2014-15,,,,,,,,,,,,,,,,,,,
TEAM,PLAYED,WIN,DRAW,LOST,GOAL_FOR,GOAL_AGAINST,GOAL_DIFF,POINTS,POSITION,QUALIFICATION_RELEGATION,SEASON,,,,,,,,,,,,,,,,,,,
ManchesterCity,38,27,5,6,102,37,65,86,1,QualificationfortheChampionsLeaguegroupstage,2013-14,,,,,,,,,,,,,,,,,,,
Liverpool,38,26,6,6,101,50,51,84,2,QualificationfortheChampionsLeaguegroupstage,2013-14,,,,,,,,,,,,,,,,,,,
Chelsea,38,25,7,6,71,27,44,82,3,QualificationfortheChampionsLeaguegroupstage,2013-14,,,,,,,,,,,,,,,,,,,
Arsenal,38,24,7,7,68,41,27,79,4,QualificationfortheChampionsLeagueplay-offround,2013-14,,,,,,,,,,,,,,,,,,,
Everton,38,21,9,8,61,39,22,72,5,QualificationfortheEuropaLeaguegroupstage,2013-14,,,,,,,,,,,,,,,,,,,
TottenhamHotspur,38,21,6,11,55,51,4,69,6,QualificationfortheEuropaLeagueplay-offround,2013-14,,,,,,,,,,,,,,,,,,,
ManchesterUnited,38,19,7,12,64,43,21,64,7,,2013-14,,,,,,,,,,,,,,,,,,,
Southampton,38,15,11,12,54,46,8,56,8,,2013-14,,,,,,,,,,,,,,,,,,,
StokeCity,38,13,11,14,45,52,?7,50,9,,2013-14,,,,,,,,,,,,,,,,,,,
NewcastleUnited,38,15,4,19,43,59,?16,49,10,,2013-14,,,,,,,,,,,,,,,,,,,
CrystalPalace,38,13,6,19,33,48,?15,45,11,,2013-14,,,,,,,,,,,,,,,,,,,
SwanseaCity,38,11,9,18,54,54,0,42,12,,2013-14,,,,,,,,,,,,,,,,,,,
WestHamUnited,38,11,7,20,40,51,?11,40,13,,2013-14,,,,,,,,,,,,,,,,,,,
Sunderland,38,10,8,20,41,60,?19,38,14,,2013-14,,,,,,,,,,,,,,,,,,,
AstonVilla,38,10,8,20,39,61,?22,38,15,,2013-14,,,,,,,,,,,,,,,,,,,
HullCity,38,10,7,21,38,53,?15,37,16,QualificationfortheEuropaLeaguethirdqualifyinground,2013-14,,,,,,,,,,,,,,,,,,,
WestBromwichAlbion,38,7,15,16,43,59,?16,36,17,,2013-14,,,,,,,,,,,,,,,,,,,
NorwichCity,38,8,9,21,28,62,?34,33,18,RelegationtotheFootballLeagueChampionship,2013-14,,,,,,,,,,,,,,,,,,,
Fulham,38,9,5,24,40,85,?45,32,19,RelegationtotheFootballLeagueChampionship,2013-14,,,,,,,,,,,,,,,,,,,
CardiffCity,38,7,9,22,32,74,?42,30,20,RelegationtotheFootballLeagueChampionship,2013-14,,,,,,,,,,,,,,,,,,,
TEAM,PLAYED,WIN,DRAW,LOST,GOAL_FOR,GOAL_AGAINST,GOAL_DIFF,POINTS,POSITION,QUALIFICATION_RELEGATION,SEASON,,,,,,,,,,,,,,,,,,,
ManchesterUnited,38,28,5,5,86,43,43,89,1,QualificationfortheChampionsLeaguegroupstage,2012-13,,,,,,,,,,,,,,,,,,,
ManchesterCity,38,23,9,6,66,34,32,78,2,QualificationfortheChampionsLeaguegroupstage,2012-13,,,,,,,,,,,,,,,,,,,
Chelsea,38,22,9,7,75,39,36,75,3,QualificationfortheChampionsLeaguegroupstage,2012-13,,,,,,,,,,,,,,,,,,,
Arsenal,38,21,10,7,72,37,35,73,4,QualificationfortheChampionsLeagueplay-offround,2012-13,,,,,,,,,,,,,,,,,,,
TottenhamHotspur,38,21,9,8,66,46,20,72,5,QualificationfortheEuropaLeagueplay-offround,2012-13,,,,,,,,,,,,,,,,,,,
Everton,38,16,15,7,55,40,15,63,6,,2012-13,,,,,,,,,,,,,,,,,,,
Liverpool,38,16,13,9,71,43,28,61,7,,2012-13,,,,,,,,,,,,,,,,,,,
WestBromwichAlbion,38,14,7,17,53,57,?4,49,8,,2012-13,,,,,,,,,,,,,,,,,,,
SwanseaCity,38,11,13,14,47,51,?4,46,9,QualificationfortheEuropaLeaguethirdqualifyinground,2012-13,,,,,,,,,,,,,,,,,,,
WestHamUnited,38,12,10,16,45,53,?8,46,10,,2012-13,,,,,,,,,,,,,,,,,,,
NorwichCity,38,10,14,14,41,58,?17,44,11,,2012-13,,,,,,,,,,,,,,,,,,,
Fulham,38,11,10,17,50,60,?10,43,12,,2012-13,,,,,,,,,,,,,,,,,,,
StokeCity,38,9,15,14,34,45,?11,42,13,,2012-13,,,,,,,,,,,,,,,,,,,
Southampton,38,9,14,15,49,60,?11,41,14,,2012-13,,,,,,,,,,,,,,,,,,,
AstonVilla,38,10,11,17,47,69,?22,41,15,,2012-13,,,,,,,,,,,,,,,,,,,
NewcastleUnited,38,11,8,19,45,68,?23,41,16,,2012-13,,,,,,,,,,,,,,,,,,,
Sunderland,38,9,12,17,41,54,?13,39,17,,2012-13,,,,,,,,,,,,,,,,,,,
WiganAthletic,38,9,9,20,47,73,?26,36,18,QualificationfortheEuropaLeaguegroupstage[a]RelegationtotheFootballLeagueChampionship,2012-13,,,,,,,,,,,,,,,,,,,
Reading,38,6,10,22,43,73,?30,28,19,RelegationtotheFootballLeagueChampionship,2012-13,,,,,,,,,,,,,,,,,,,
QueensParkRangers,38,4,13,21,30,60,?30,25,20,RelegationtotheFootballLeagueChampionship,2012-13,,,,,,,,,,,,,,,,,,,
TEAM,PLAYED,WIN,DRAW,LOST,GOAL_FOR,GOAL_AGAINST,GOAL_DIFF,POINTS,POSITION,QUALIFICATION_RELEGATION,SEASON,,,,,,,,,,,,,,,,,,,
ManchesterCity,38,28,5,5,93,29,64,89,1,QualificationfortheChampionsLeaguegroupstage,2011-12,,,,,,,,,,,,,,,,,,,
ManchesterUnited,38,28,5,5,89,33,56,89,2,QualificationfortheChampionsLeaguegroupstage,2011-12,,,,,,,,,,,,,,,,,,,
Arsenal,38,21,7,10,74,49,25,70,3,QualificationfortheChampionsLeaguegroupstage,2011-12,,,,,,,,,,,,,,,,,,,
TottenhamHotspur,38,20,9,9,66,41,25,69,4,QualificationfortheEuropaLeaguegroupstage,2011-12,,,,,,,,,,,,,,,,,,,
NewcastleUnited,38,19,8,11,56,51,5,65,5,QualificationfortheEuropaLeagueplay-offround,2011-12,,,,,,,,,,,,,,,,,,,
Chelsea,38,18,10,10,65,46,19,64,6,QualificationfortheChampionsLeaguegroupstage,2011-12,,,,,,,,,,,,,,,,,,,
Everton,38,15,11,12,50,40,10,56,7,,2011-12,,,,,,,,,,,,,,,,,,,
Liverpool,38,14,10,14,47,40,7,52,8,QualificationfortheEuropaLeaguethirdqualifyinground,2011-12,,,,,,,,,,,,,,,,,,,
Fulham,38,14,10,14,48,51,?3,52,9,,2011-12,,,,,,,,,,,,,,,,,,,
WestBromwichAlbion,38,13,8,17,45,52,?7,47,10,,2011-12,,,,,,,,,,,,,,,,,,,
SwanseaCity,38,12,11,15,44,51,?7,47,11,,2011-12,,,,,,,,,,,,,,,,,,,
NorwichCity,38,12,11,15,52,66,?14,47,12,,2011-12,,,,,,,,,,,,,,,,,,,
Sunderland,38,11,12,15,45,46,?1,45,13,,2011-12,,,,,,,,,,,,,,,,,,,
StokeCity,38,11,12,15,36,53,?17,45,14,,2011-12,,,,,,,,,,,,,,,,,,,
WiganAthletic,38,11,10,17,42,62,?20,43,15,,2011-12,,,,,,,,,,,,,,,,,,,
AstonVilla,38,7,17,14,37,53,?16,38,16,,2011-12,,,,,,,,,,,,,,,,,,,
QueensParkRangers,38,10,7,21,43,66,?23,37,17,,2011-12,,,,,,,,,,,,,,,,,,,
BoltonWanderers,38,10,6,22,46,77,?31,36,18,RelegationtotheFootballLeagueChampionship,2011-12,,,,,,,,,,,,,,,,,,,
BlackburnRovers,38,8,7,23,48,78,?30,31,19,RelegationtotheFootballLeagueChampionship,2011-12,,,,,,,,,,,,,,,,,,,
WolverhamptonWanderers,38,5,10,23,40,82,?42,25,20,RelegationtotheFootballLeagueChampionship,2011-12,,,,,,,,,,,,,,,,,,,
TEAM,PLAYED,WIN,DRAW,LOST,GOAL_FOR,GOAL_AGAINST,GOAL_DIFF,POINTS,POSITION,QUALIFICATION_RELEGATION,SEASON,,,,,,,,,,,,,,,,,,,
ManchesterUnited,38,23,11,4,78,37,41,80,1,QualificationfortheChampionsLeaguegroupstage,2010-11,,,,,,,,,,,,,,,,,,,
Chelsea,38,21,8,9,69,33,36,71,2,QualificationfortheChampionsLeaguegroupstage,2010-11,,,,,,,,,,,,,,,,,,,
ManchesterCity,38,21,8,9,60,33,27,71,3,QualificationfortheChampionsLeaguegroupstage,2010-11,,,,,,,,,,,,,,,,,,,
Arsenal,38,19,11,8,72,43,29,68,4,QualificationfortheChampionsLeagueplay-offround,2010-11,,,,,,,,,,,,,,,,,,,
TottenhamHotspur,38,16,14,8,55,46,9,62,5,QualificationfortheEuropaLeagueplay-offround,2010-11,,,,,,,,,,,,,,,,,,,
Liverpool,38,17,7,14,59,44,15,58,6,,2010-11,,,,,,,,,,,,,,,,,,,
Everton,38,13,15,10,51,45,6,54,7,,2010-11,,,,,,,,,,,,,,,,,,,
Fulham,38,11,16,11,49,43,6,49,8,QualificationfortheEuropaLeaguefirstqualifyinground,2010-11,,,,,,,,,,,,,,,,,,,
AstonVilla,38,12,12,14,48,59,?11,48,9,,2010-11,,,,,,,,,,,,,,,,,,,
Sunderland,38,12,11,15,45,56,?11,47,10,,2010-11,,,,,,,,,,,,,,,,,,,
WestBromwichAlbion,38,12,11,15,56,71,?15,47,11,,2010-11,,,,,,,,,,,,,,,,,,,
NewcastleUnited,38,11,13,14,56,57,?1,46,12,,2010-11,,,,,,,,,,,,,,,,,,,
StokeCity,38,13,7,18,46,48,?2,46,13,QualificationfortheEuropaLeaguethirdqualifyinground,2010-11,,,,,,,,,,,,,,,,,,,
BoltonWanderers,38,12,10,16,52,56,?4,46,14,,2010-11,,,,,,,,,,,,,,,,,,,
BlackburnRovers,38,11,10,17,46,59,?13,43,15,,2010-11,,,,,,,,,,,,,,,,,,,
WiganAthletic,38,9,15,14,40,61,?21,42,16,,2010-11,,,,,,,,,,,,,,,,,,,
WolverhamptonWanderers,38,11,7,20,46,66,?20,40,17,,2010-11,,,,,,,,,,,,,,,,,,,
BirminghamCity,38,8,15,15,37,58,?21,39,18,QualificationfortheEuropaLeagueplay-offround[a]RelegationtotheFootballLeagueChampionship,2010-11,,,,,,,,,,,,,,,,,,,
Blackpool,38,10,9,19,55,78,?23,39,19,RelegationtotheFootballLeagueChampionship,2010-11,,,,,,,,,,,,,,,,,,,
WestHamUnited,38,7,12,19,43,70,?27,33,20,RelegationtotheFootballLeagueChampionship,2010-11,,,,,,,,,,,,,,,,,,,
TEAM,PLAYED,WIN,DRAW,LOST,GOAL_FOR,GOAL_AGAINST,GOAL_DIFF,POINTS,POSITION,QUALIFICATION_RELEGATION,SEASON,,,,,,,,,,,,,,,,,,,
Chelsea,38,27,5,6,103,32,71,86,1,QualificationfortheChampionsLeaguegroupstage,2009-10,,,,,,,,,,,,,,,,,,,
ManchesterUnited,38,27,4,7,86,28,58,85,2,QualificationfortheChampionsLeaguegroupstage,2009-10,,,,,,,,,,,,,,,,,,,
Arsenal,38,23,6,9,83,41,42,75,3,QualificationfortheChampionsLeaguegroupstage,2009-10,,,,,,,,,,,,,,,,,,,
TottenhamHotspur,38,21,7,10,67,41,26,70,4,QualificationfortheChampionsLeagueplay-offround,2009-10,,,,,,,,,,,,,,,,,,,
ManchesterCity,38,18,13,7,73,45,28,67,5,QualificationfortheEuropaLeagueplay-offround,2009-10,,,,,,,,,,,,,,,,,,,
AstonVilla,38,17,13,8,52,39,13,64,6,QualificationfortheEuropaLeagueplay-offround,2009-10,,,,,,,,,,,,,,,,,,,
Liverpool,38,18,9,11,61,35,26,63,7,QualificationfortheEuropaLeaguethirdqualifyinground,2009-10,,,,,,,,,,,,,,,,,,,
Everton,38,16,13,9,60,49,11,61,8,,2009-10,,,,,,,,,,,,,,,,,,,
BirminghamCity,38,13,11,14,38,47,?9,50,9,,2009-10,,,,,,,,,,,,,,,,,,,
BlackburnRovers,38,13,11,14,41,55,?14,50,10,,2009-10,,,,,,,,,,,,,,,,,,,
StokeCity,38,11,14,13,34,48,?14,47,11,,2009-10,,,,,,,,,,,,,,,,,,,
Fulham,38,12,10,16,39,46,?7,46,12,,2009-10,,,,,,,,,,,,,,,,,,,
Sunderland,38,11,11,16,48,56,?8,44,13,,2009-10,,,,,,,,,,,,,,,,,,,
BoltonWanderers,38,10,9,19,42,67,?25,39,14,,2009-10,,,,,,,,,,,,,,,,,,,
WolverhamptonWanderers,38,9,11,18,32,56,?24,38,15,,2009-10,,,,,,,,,,,,,,,,,,,
WiganAthletic,38,9,9,20,37,79,?42,36,16,,2009-10,,,,,,,,,,,,,,,,,,,
WestHamUnited,38,8,11,19,47,66,?19,35,17,,2009-10,,,,,,,,,,,,,,,,,,,
Burnley,38,8,6,24,42,82,?40,30,18,RelegationtotheFootballLeagueChampionship,2009-10,,,,,,,,,,,,,,,,,,,
HullCity,38,6,12,20,34,75,?41,30,19,RelegationtotheFootballLeagueChampionship,2009-10,,,,,,,,,,,,,,,,,,,
Portsmouth,38,7,7,24,34,66,?32,19,20,RelegationtotheFootballLeagueChampionship,2009-10,,,,,,,,,,,,,,,,,,,
TEAM,PLAYED,WIN,DRAW,LOST,GOAL_FOR,GOAL_AGAINST,GOAL_DIFF,POINTS,POSITION,QUALIFICATION_RELEGATION,SEASON,,,,,,,,,,,,,,,,,,,
ManchesterUnited,38,28,6,4,68,24,44,90,1,QualificationfortheChampionsLeaguegroupstage,2008-09,,,,,,,,,,,,,,,,,,,
Liverpool,38,25,11,2,77,27,50,86,2,QualificationfortheChampionsLeaguegroupstage,2008-09,,,,,,,,,,,,,,,,,,,
Chelsea,38,25,8,5,68,24,44,83,3,QualificationfortheChampionsLeaguegroupstage,2008-09,,,,,,,,,,,,,,,,,,,
Arsenal,38,20,12,6,68,37,31,72,4,QualificationfortheChampionsLeagueplay-offround,2008-09,,,,,,,,,,,,,,,,,,,
Everton,38,17,12,9,55,37,18,63,5,QualificationfortheEuropaLeagueplay-offround,2008-09,,,,,,,,,,,,,,,,,,,
AstonVilla,38,17,11,10,54,48,6,62,6,QualificationfortheEuropaLeagueplay-offround,2008-09,,,,,,,,,,,,,,,,,,,
Fulham,38,14,11,13,39,34,5,53,7,QualificationfortheEuropaLeaguethirdqualifyinground,2008-09,,,,,,,,,,,,,,,,,,,
TottenhamHotspur,38,14,9,15,45,45,0,51,8,,2008-09,,,,,,,,,,,,,,,,,,,
WestHamUnited,38,14,9,15,42,45,?3,51,9,,2008-09,,,,,,,,,,,,,,,,,,,
ManchesterCity,38,15,5,18,58,50,8,50,10,,2008-09,,,,,,,,,,,,,,,,,,,
WiganAthletic,38,12,9,17,34,45,?11,45,11,,2008-09,,,,,,,,,,,,,,,,,,,
StokeCity,38,12,9,17,38,55,?17,45,12,,2008-09,,,,,,,,,,,,,,,,,,,
BoltonWanderers,38,11,8,19,41,53,?12,41,13,,2008-09,,,,,,,,,,,,,,,,,,,
Portsmouth,38,10,11,17,38,57,?19,41,14,,2008-09,,,,,,,,,,,,,,,,,,,
BlackburnRovers,38,10,11,17,40,60,?20,41,15,,2008-09,,,,,,,,,,,,,,,,,,,
Sunderland,38,9,9,20,34,54,?20,36,16,,2008-09,,,,,,,,,,,,,,,,,,,
HullCity,38,8,11,19,39,64,?25,35,17,,2008-09,,,,,,,,,,,,,,,,,,,
NewcastleUnited,38,7,13,18,40,59,?19,34,18,RelegationtotheFootballLeagueChampionship,2008-09,,,,,,,,,,,,,,,,,,,
Middlesbrough,38,7,11,20,28,57,?29,32,19,RelegationtotheFootballLeagueChampionship,2008-09,,,,,,,,,,,,,,,,,,,
WestBromwichAlbion,38,8,8,22,36,67,?31,32,20,RelegationtotheFootballLeagueChampionship,2008-09,,,,,,,,,,,,,,,,,,,
TEAM,PLAYED,WIN,DRAW,LOST,GOAL_FOR,GOAL_AGAINST,GOAL_DIFF,POINTS,POSITION,QUALIFICATION_RELEGATION,SEASON,,,,,,,,,,,,,,,,,,,
ManchesterUnited,38,27,6,5,80,22,58,87,1,QualificationfortheChampionsLeaguegroupstage,2007-08,,,,,,,,,,,,,,,,,,,
Chelsea,38,25,10,3,65,26,39,85,2,QualificationfortheChampionsLeaguegroupstage,2007-08,,,,,,,,,,,,,,,,,,,
Arsenal,38,24,11,3,74,31,43,83,3,QualificationfortheChampionsLeaguethirdqualifyinground,2007-08,,,,,,,,,,,,,,,,,,,
Liverpool,38,21,13,4,67,28,39,76,4,QualificationfortheChampionsLeaguethirdqualifyinground,2007-08,,,,,,,,,,,,,,,,,,,
Everton,38,19,8,11,55,33,22,65,5,QualificationfortheUEFACupfirstround,2007-08,,,,,,,,,,,,,,,,,,,
AstonVilla,38,16,12,10,71,51,20,60,6,QualificationfortheIntertotoCupthirdround,2007-08,,,,,,,,,,,,,,,,,,,
BlackburnRovers,38,15,13,10,50,48,2,58,7,,2007-08,,,,,,,,,,,,,,,,,,,
Portsmouth,38,16,9,13,48,40,8,57,8,QualificationfortheUEFACupfirstround,2007-08,,,,,,,,,,,,,,,,,,,
ManchesterCity,38,15,10,13,45,53,?8,55,9,QualificationfortheUEFACupfirstqualifyinground,2007-08,,,,,,,,,,,,,,,,,,,
WestHamUnited,38,13,10,15,42,50,?8,49,10,,2007-08,,,,,,,,,,,,,,,,,,,
TottenhamHotspur,38,11,13,14,66,61,5,46,11,QualificationfortheUEFACupfirstround,2007-08,,,,,,,,,,,,,,,,,,,
NewcastleUnited,38,11,10,17,45,65,?20,43,12,,2007-08,,,,,,,,,,,,,,,,,,,
Middlesbrough,38,10,12,16,43,53,?10,42,13,,2007-08,,,,,,,,,,,,,,,,,,,
WiganAthletic,38,10,10,18,34,51,?17,40,14,,2007-08,,,,,,,,,,,,,,,,,,,
Sunderland,38,11,6,21,36,59,?23,39,15,,2007-08,,,,,,,,,,,,,,,,,,,
BoltonWanderers,38,9,10,19,36,54,?18,37,16,,2007-08,,,,,,,,,,,,,,,,,,,
Fulham,38,8,12,18,38,60,?22,36,17,,2007-08,,,,,,,,,,,,,,,,,,,
Reading,38,10,6,22,41,66,?25,36,18,RelegationtotheFootballLeagueChampionship,2007-08,,,,,,,,,,,,,,,,,,,
BirminghamCity,38,8,11,19,46,62,?16,35,19,RelegationtotheFootballLeagueChampionship,2007-08,,,,,,,,,,,,,,,,,,,
DerbyCounty,38,1,8,29,20,89,?69,11,20,RelegationtotheFootballLeagueChampionship,2007-08,,,,,,,,,,,,,,,,,,,
TEAM,PLAYED,WIN,DRAW,LOST,GOAL_FOR,GOAL_AGAINST,GOAL_DIFF,POINTS,POSITION,QUALIFICATION_RELEGATION,SEASON,,,,,,,,,,,,,,,,,,,
ManchesterUnited,38,28,5,5,83,27,56,89,1,QualificationfortheChampionsLeaguegroupstage,2006-07,,,,,,,,,,,,,,,,,,,
Chelsea,38,24,11,3,64,24,40,83,2,QualificationfortheChampionsLeaguegroupstage,2006-07,,,,,,,,,,,,,,,,,,,
Liverpool,38,20,8,10,57,27,30,68,3,QualificationfortheChampionsLeaguethirdqualifyinground,2006-07,,,,,,,,,,,,,,,,,,,
Arsenal,38,19,11,8,63,35,28,68,4,QualificationfortheChampionsLeaguethirdqualifyinground,2006-07,,,,,,,,,,,,,,,,,,,
TottenhamHotspur,38,17,9,12,57,54,3,60,5,QualificationfortheUEFACupfirstround,2006-07,,,,,,,,,,,,,,,,,,,
Everton,38,15,13,10,52,36,16,58,6,QualificationfortheUEFACupfirstround,2006-07,,,,,,,,,,,,,,,,,,,
BoltonWanderers,38,16,8,14,47,52,?5,56,7,QualificationfortheUEFACupfirstround,2006-07,,,,,,,,,,,,,,,,,,,
Reading,38,16,7,15,52,47,5,55,8,,2006-07,,,,,,,,,,,,,,,,,,,
Portsmouth,38,14,12,12,45,42,3,54,9,,2006-07,,,,,,,,,,,,,,,,,,,
BlackburnRovers,38,15,7,16,52,54,?2,52,10,QualificationfortheIntertotoCupthirdround,2006-07,,,,,,,,,,,,,,,,,,,
AstonVilla,38,11,17,10,43,41,2,50,11,,2006-07,,,,,,,,,,,,,,,,,,,
Middlesbrough,38,12,10,16,44,49,?5,46,12,,2006-07,,,,,,,,,,,,,,,,,,,
NewcastleUnited,38,11,10,17,38,47,?9,43,13,,2006-07,,,,,,,,,,,,,,,,,,,
ManchesterCity,38,11,9,18,29,44,?15,42,14,,2006-07,,,,,,,,,,,,,,,,,,,
WestHamUnited,38,12,5,21,35,59,?24,41,15,,2006-07,,,,,,,,,,,,,,,,,,,
Fulham,38,8,15,15,38,60,?22,39,16,,2006-07,,,,,,,,,,,,,,,,,,,
WiganAthletic,38,10,8,20,37,59,?22,38,17,,2006-07,,,,,,,,,,,,,,,,,,,
SheffieldUnited,38,10,8,20,32,55,?23,38,18,RelegationtotheFootballLeagueChampionship,2006-07,,,,,,,,,,,,,,,,,,,
CharltonAthletic,38,8,10,20,34,60,?26,34,19,RelegationtotheFootballLeagueChampionship,2006-07,,,,,,,,,,,,,,,,,,,
Watford,38,5,13,20,29,59,?30,28,20,RelegationtotheFootballLeagueChampionship,2006-07,,,,,,,,,,,,,,,,,,,
TEAM,PLAYED,WIN,DRAW,LOST,GOAL_FOR,GOAL_AGAINST,GOAL_DIFF,POINTS,POSITION,QUALIFICATION_RELEGATION,SEASON,,,,,,,,,,,,,,,,,,,
Chelsea,38,29,4,5,72,22,50,91,1,QualificationfortheChampionsLeaguegroupstage,2005-06,,,,,,,,,,,,,,,,,,,
ManchesterUnited,38,25,8,5,72,34,38,83,2,QualificationfortheChampionsLeaguegroupstage,2005-06,,,,,,,,,,,,,,,,,,,
Liverpool,38,25,7,6,57,25,32,82,3,QualificationfortheChampionsLeaguethirdqualifyinground,2005-06,,,,,,,,,,,,,,,,,,,
Arsenal,38,20,7,11,68,31,37,67,4,QualificationfortheChampionsLeaguethirdqualifyinground,2005-06,,,,,,,,,,,,,,,,,,,
TottenhamHotspur,38,18,11,9,53,38,15,65,5,QualificationfortheUEFACupfirstround,2005-06,,,,,,,,,,,,,,,,,,,
BlackburnRovers,38,19,6,13,51,42,9,63,6,QualificationfortheUEFACupfirstround,2005-06,,,,,,,,,,,,,,,,,,,
NewcastleUnited,38,17,7,14,47,42,5,58,7,QualificationfortheIntertotoCupthirdround,2005-06,,,,,,,,,,,,,,,,,,,
BoltonWanderers,38,15,11,12,49,41,8,56,8,,2005-06,,,,,,,,,,,,,,,,,,,
WestHamUnited,38,16,7,15,52,55,?3,55,9,QualificationfortheUEFACupfirstround,2005-06,,,,,,,,,,,,,,,,,,,
WiganAthletic,38,15,6,17,45,52,?7,51,10,,2005-06,,,,,,,,,,,,,,,,,,,
Everton,38,14,8,16,34,49,?15,50,11,,2005-06,,,,,,,,,,,,,,,,,,,
Fulham,38,14,6,18,48,58,?10,48,12,,2005-06,,,,,,,,,,,,,,,,,,,
CharltonAthletic,38,13,8,17,41,55,?14,47,13,,2005-06,,,,,,,,,,,,,,,,,,,
Middlesbrough,38,12,9,17,48,58,?10,45,14,,2005-06,,,,,,,,,,,,,,,,,,,
ManchesterCity,38,13,4,21,43,48,?5,43,15,,2005-06,,,,,,,,,,,,,,,,,,,
AstonVilla,38,10,12,16,42,55,?13,42,16,,2005-06,,,,,,,,,,,,,,,,,,,
Portsmouth,38,10,8,20,37,62,?25,38,17,,2005-06,,,,,,,,,,,,,,,,,,,
BirminghamCity,38,8,10,20,28,50,?22,34,18,RelegationtotheFootballLeagueChampionship,2005-06,,,,,,,,,,,,,,,,,,,
WestBromwichAlbion,38,7,9,22,31,58,?27,30,19,RelegationtotheFootballLeagueChampionship,2005-06,,,,,,,,,,,,,,,,,,,
Sunderland,38,3,6,29,26,69,?43,15,20,RelegationtotheFootballLeagueChampionship,2005-06,,,,,,,,,,,,,,,,,,,
TEAM,PLAYED,WIN,DRAW,LOST,GOAL_FOR,GOAL_AGAINST,GOAL_DIFF,POINTS,POSITION,QUALIFICATION_RELEGATION,SEASON,,,,,,,,,,,,,,,,,,,
Chelsea,38,29,8,1,72,15,57,95,1,QualificationfortheChampionsLeaguegroupstage,2004-05,,,,,,,,,,,,,,,,,,,
Arsenal,38,25,8,5,87,36,51,83,2,QualificationfortheChampionsLeaguegroupstage,2004-05,,,,,,,,,,,,,,,,,,,
ManchesterUnited,38,22,11,5,58,26,32,77,3,QualificationfortheChampionsLeaguethirdqualifyinground,2004-05,,,,,,,,,,,,,,,,,,,
Everton,38,18,7,13,45,46,?1,61,4,QualificationfortheChampionsLeaguethirdqualifyinground,2004-05,,,,,,,,,,,,,,,,,,,
Liverpool,38,17,7,14,52,41,11,58,5,QualificationfortheChampionsLeaguefirstqualifyinground,2004-05,,,,,,,,,,,,,,,,,,,
BoltonWanderers,38,16,10,12,49,44,5,58,6,QualificationfortheUEFACupfirstround,2004-05,,,,,,,,,,,,,,,,,,,
Middlesbrough,38,14,13,11,53,46,7,55,7,QualificationfortheUEFACupfirstround,2004-05,,,,,,,,,,,,,,,,,,,
ManchesterCity,38,13,13,12,47,39,8,52,8,,2004-05,,,,,,,,,,,,,,,,,,,
TottenhamHotspur,38,14,10,14,47,41,6,52,9,,2004-05,,,,,,,,,,,,,,,,,,,
AstonVilla,38,12,11,15,45,52,?7,47,10,,2004-05,,,,,,,,,,,,,,,,,,,
CharltonAthletic,38,12,10,16,42,58,?16,46,11,,2004-05,,,,,,,,,,,,,,,,,,,
BirminghamCity,38,11,12,15,40,46,?6,45,12,,2004-05,,,,,,,,,,,,,,,,,,,
Fulham,38,12,8,18,52,60,?8,44,13,,2004-05,,,,,,,,,,,,,,,,,,,
NewcastleUnited,38,10,14,14,47,57,?10,44,14,QualificationfortheIntertotoCupthirdround,2004-05,,,,,,,,,,,,,,,,,,,
BlackburnRovers,38,9,15,14,32,43,?11,42,15,,2004-05,,,,,,,,,,,,,,,,,,,
Portsmouth,38,10,9,19,43,59,?16,39,16,,2004-05,,,,,,,,,,,,,,,,,,,
WestBromwichAlbion,38,6,16,16,36,61,?25,34,17,,2004-05,,,,,,,,,,,,,,,,,,,
CrystalPalace,38,7,12,19,41,62,?21,33,18,RelegationtotheFootballLeagueChampionship,2004-05,,,,,,,,,,,,,,,,,,,
NorwichCity,38,7,12,19,42,77,?35,33,19,RelegationtotheFootballLeagueChampionship,2004-05,,,,,,,,,,,,,,,,,,,
Southampton,38,6,14,18,45,66,?21,32,20,RelegationtotheFootballLeagueChampionship,2004-05,,,,,,,,,,,,,,,,,,,
TEAM,PLAYED,WIN,DRAW,LOST,GOAL_FOR,GOAL_AGAINST,GOAL_DIFF,POINTS,POSITION,QUALIFICATION_RELEGATION,SEASON,,,,,,,,,,,,,,,,,,,
Arsenal,38,26,12,0,73,26,47,90,1,QualificationfortheChampionsLeaguegroupstage,2003-04,,,,,,,,,,,,,,,,,,,
Chelsea,38,24,7,7,67,30,37,79,2,QualificationfortheChampionsLeaguegroupstage,2003-04,,,,,,,,,,,,,,,,,,,
ManchesterUnited,38,23,6,9,64,35,29,75,3,QualificationfortheChampionsLeaguethirdqualifyinground,2003-04,,,,,,,,,,,,,,,,,,,
Liverpool,38,16,12,10,55,37,18,60,4,QualificationfortheChampionsLeaguethirdqualifyinground,2003-04,,,,,,,,,,,,,,,,,,,
NewcastleUnited,38,13,17,8,52,40,12,56,5,QualificationfortheUEFACupfirstround,2003-04,,,,,,,,,,,,,,,,,,,
AstonVilla,38,15,11,12,48,44,4,56,6,,2003-04,,,,,,,,,,,,,,,,,,,
CharltonAthletic,38,14,11,13,51,51,0,53,7,,2003-04,,,,,,,,,,,,,,,,,,,
BoltonWanderers,38,14,11,13,48,56,?8,53,8,,2003-04,,,,,,,,,,,,,,,,,,,
Fulham,38,14,10,14,52,46,6,52,9,,2003-04,,,,,,,,,,,,,,,,,,,
BirminghamCity,38,12,14,12,43,48,?5,50,10,,2003-04,,,,,,,,,,,,,,,,,,,
Middlesbrough,38,13,9,16,44,52,?8,48,11,QualificationfortheUEFACupfirstround,2003-04,,,,,,,,,,,,,,,,,,,
Southampton,38,12,11,15,44,45,?1,47,12,,2003-04,,,,,,,,,,,,,,,,,,,
Portsmouth,38,12,9,17,47,54,?7,45,13,,2003-04,,,,,,,,,,,,,,,,,,,
TottenhamHotspur,38,13,6,19,47,57,?10,45,14,,2003-04,,,,,,,,,,,,,,,,,,,
BlackburnRovers,38,12,8,18,51,59,?8,44,15,,2003-04,,,,,,,,,,,,,,,,,,,
ManchesterCity,38,9,14,15,55,54,1,41,16,,2003-04,,,,,,,,,,,,,,,,,,,
Everton,38,9,12,17,45,57,?12,39,17,,2003-04,,,,,,,,,,,,,,,,,,,
LeicesterCity,38,6,15,17,48,65,?17,33,18,RelegationtotheFootballLeagueChampionship,2003-04,,,,,,,,,,,,,,,,,,,
LeedsUnited,38,8,9,21,40,79,?39,33,19,RelegationtotheFootballLeagueChampionship,2003-04,,,,,,,,,,,,,,,,,,,
WolverhamptonWanderers,38,7,12,19,38,77,?39,33,20,RelegationtotheFootballLeagueChampionship,2003-04,,,,,,,,,,,,,,,,,,,
TEAM,PLAYED,WIN,DRAW,LOST,GOAL_FOR,GOAL_AGAINST,GOAL_DIFF,POINTS,POSITION,QUALIFICATION_RELEGATION,SEASON,,,,,,,,,,,,,,,,,,,
ManchesterUnited,38,25,8,5,74,34,40,83,1,QualificationfortheChampionsLeaguegroupstage,2002-03,,,,,,,,,,,,,,,,,,,
Arsenal,38,23,9,6,85,42,43,78,2,QualificationfortheChampionsLeaguegroupstage,2002-03,,,,,,,,,,,,,,,,,,,
NewcastleUnited,38,21,6,11,63,48,15,69,3,QualificationfortheChampionsLeaguethirdqualifyinground,2002-03,,,,,,,,,,,,,,,,,,,
Chelsea,38,19,10,9,68,38,30,67,4,QualificationfortheChampionsLeaguethirdqualifyinground,2002-03,,,,,,,,,,,,,,,,,,,
Liverpool,38,18,10,10,61,41,20,64,5,QualificationfortheUEFACupfirstround,2002-03,,,,,,,,,,,,,,,,,,,
BlackburnRovers,38,16,12,10,52,43,9,60,6,QualificationfortheUEFACupfirstround,2002-03,,,,,,,,,,,,,,,,,,,
Everton,38,17,8,13,48,49,?1,59,7,,2002-03,,,,,,,,,,,,,,,,,,,
Southampton,38,13,13,12,43,46,?3,52,8,QualificationfortheUEFACupfirstround,2002-03,,,,,,,,,,,,,,,,,,,
ManchesterCity,38,15,6,17,47,54,?7,51,9,QualificationfortheUEFACupqualifyinground,2002-03,,,,,,,,,,,,,,,,,,,
TottenhamHotspur,38,14,8,16,51,62,?11,50,10,,2002-03,,,,,,,,,,,,,,,,,,,
Middlesbrough,38,13,10,15,48,44,4,49,11,,2002-03,,,,,,,,,,,,,,,,,,,
CharltonAthletic,38,14,7,17,45,56,?11,49,12,,2002-03,,,,,,,,,,,,,,,,,,,
BirminghamCity,38,13,9,16,41,49,?8,48,13,,2002-03,,,,,,,,,,,,,,,,,,,
Fulham,38,13,9,16,41,50,?9,48,14,,2002-03,,,,,,,,,,,,,,,,,,,
LeedsUnited,38,14,5,19,58,57,1,47,15,,2002-03,,,,,,,,,,,,,,,,,,,
AstonVilla,38,12,9,17,42,47,?5,45,16,,2002-03,,,,,,,,,,,,,,,,,,,
BoltonWanderers,38,10,14,14,41,51,?10,44,17,,2002-03,,,,,,,,,,,,,,,,,,,
WestHamUnited,38,10,12,16,42,59,?17,42,18,RelegationtoFootballLeagueFirstDivision,2002-03,,,,,,,,,,,,,,,,,,,
WestBromwichAlbion,38,6,8,24,29,65,?36,26,19,RelegationtoFootballLeagueFirstDivision,2002-03,,,,,,,,,,,,,,,,,,,
Sunderland,38,4,7,27,21,65,?44,19,20,RelegationtoFootballLeagueFirstDivision,2002-03,,,,,,,,,,,,,,,,,,,
TEAM,PLAYED,WIN,DRAW,LOST,GOAL_FOR,GOAL_AGAINST,GOAL_DIFF,POINTS,POSITION,QUALIFICATION_RELEGATION,SEASON,,,,,,,,,,,,,,,,,,,
Arsenal,38,26,9,3,79,36,43,87,1,QualificationfortheChampionsLeaguefirstgroupstage,2001-02,,,,,,,,,,,,,,,,,,,
Liverpool,38,24,8,6,67,30,37,80,2,QualificationfortheChampionsLeaguefirstgroupstage,2001-02,,,,,,,,,,,,,,,,,,,
ManchesterUnited,38,24,5,9,87,45,42,77,3,QualificationfortheChampionsLeaguethirdqualifyinground,2001-02,,,,,,,,,,,,,,,,,,,
NewcastleUnited,38,21,8,9,74,52,22,71,4,QualificationfortheChampionsLeaguethirdqualifyinground,2001-02,,,,,,,,,,,,,,,,,,,
LeedsUnited,38,18,12,8,53,37,16,66,5,QualificationfortheUEFACupfirstround,2001-02,,,,,,,,,,,,,,,,,,,
Chelsea,38,17,13,8,66,38,28,64,6,QualificationfortheUEFACupfirstround,2001-02,,,,,,,,,,,,,,,,,,,
WestHamUnited,38,15,8,15,48,57,?9,53,7,,2001-02,,,,,,,,,,,,,,,,,,,
AstonVilla,38,12,14,12,46,47,?1,50,8,QualificationfortheIntertotoCupthirdround,2001-02,,,,,,,,,,,,,,,,,,,
TottenhamHotspur,38,14,8,16,49,53,?4,50,9,,2001-02,,,,,,,,,,,,,,,,,,,
BlackburnRovers,38,12,10,16,55,51,4,46,10,QualificationfortheUEFACupfirstround,2001-02,,,,,,,,,,,,,,,,,,,
Southampton,38,12,9,17,46,54,?8,45,11,,2001-02,,,,,,,,,,,,,,,,,,,
Middlesbrough,38,12,9,17,35,47,?12,45,12,,2001-02,,,,,,,,,,,,,,,,,,,
Fulham,38,10,14,14,36,44,?8,44,13,QualificationfortheIntertotoCupsecondround,2001-02,,,,,,,,,,,,,,,,,,,
CharltonAthletic,38,10,14,14,38,49,?11,44,14,,2001-02,,,,,,,,,,,,,,,,,,,
Everton,38,11,10,17,45,57,?12,43,15,,2001-02,,,,,,,,,,,,,,,,,,,
BoltonWanderers,38,9,13,16,44,62,?18,40,16,,2001-02,,,,,,,,,,,,,,,,,,,
Sunderland,38,10,10,18,29,51,?22,40,17,,2001-02,,,,,,,,,,,,,,,,,,,
IpswichTown,38,9,9,20,41,64,?23,36,18,QualificationfortheUEFACupqualifyinground[a]RelegationtotheFootballLeagueFirstDivision,2001-02,,,,,,,,,,,,,,,,,,,
DerbyCounty,38,8,6,24,33,63,?30,30,19,RelegationtotheFootballLeagueFirstDivision,2001-02,,,,,,,,,,,,,,,,,,,
LeicesterCity,38,5,13,20,30,64,?34,28,20,RelegationtotheFootballLeagueFirstDivision,2001-02,,,,,,,,,,,,,,,,,,,
TEAM,PLAYED,WIN,DRAW,LOST,GOAL_FOR,GOAL_AGAINST,GOAL_DIFF,POINTS,POSITION,QUALIFICATION_RELEGATION,SEASON,,,,,,,,,,,,,,,,,,,
ManchesterUnited,38,24,8,6,79,31,48,80,1,QualificationfortheChampionsLeaguefirstgroupstage,2000-01,,,,,,,,,,,,,,,,,,,
Arsenal,38,20,10,8,63,38,25,70,2,QualificationfortheChampionsLeaguefirstgroupstage,2000-01,,,,,,,,,,,,,,,,,,,
Liverpool,38,20,9,9,71,39,32,69,3,QualificationfortheChampionsLeaguethirdqualifyinground,2000-01,,,,,,,,,,,,,,,,,,,
LeedsUnited,38,20,8,10,64,43,21,68,4,QualificationfortheUEFACupfirstround,2000-01,,,,,,,,,,,,,,,,,,,
IpswichTown,38,20,6,12,57,42,15,66,5,QualificationfortheUEFACupfirstround,2000-01,,,,,,,,,,,,,,,,,,,
Chelsea,38,17,10,11,68,45,23,61,6,QualificationfortheUEFACupfirstround,2000-01,,,,,,,,,,,,,,,,,,,
Sunderland,38,15,12,11,46,41,5,57,7,,2000-01,,,,,,,,,,,,,,,,,,,
AstonVilla,38,13,15,10,46,43,3,54,8,QualificationfortheIntertotoCupthirdround,2000-01,,,,,,,,,,,,,,,,,,,
CharltonAthletic,38,14,10,14,50,57,?7,52,9,,2000-01,,,,,,,,,,,,,,,,,,,
Southampton,38,14,10,14,40,48,?8,52,10,,2000-01,,,,,,,,,,,,,,,,,,,
NewcastleUnited,38,14,9,15,44,50,?6,51,11,QualificationfortheIntertotoCupthirdround,2000-01,,,,,,,,,,,,,,,,,,,
TottenhamHotspur,38,13,10,15,47,54,?7,49,12,,2000-01,,,,,,,,,,,,,,,,,,,
LeicesterCity,38,14,6,18,39,51,?12,48,13,,2000-01,,,,,,,,,,,,,,,,,,,
Middlesbrough,38,9,15,14,44,44,0,42,14,,2000-01,,,,,,,,,,,,,,,,,,,
WestHamUnited,38,10,12,16,45,50,?5,42,15,,2000-01,,,,,,,,,,,,,,,,,,,
Everton,38,11,9,18,45,59,?14,42,16,,2000-01,,,,,,,,,,,,,,,,,,,
DerbyCounty,38,10,12,16,37,59,?22,42,17,,2000-01,,,,,,,,,,,,,,,,,,,
ManchesterCity,38,8,10,20,41,65,?24,34,18,RelegationtotheFootballLeagueFirstDivision,2000-01,,,,,,,,,,,,,,,,,,,
CoventryCity,38,8,10,20,36,63,?27,34,19,RelegationtotheFootballLeagueFirstDivision,2000-01,,,,,,,,,,,,,,,,,,,
BradfordCity,38,5,11,22,30,70,?40,26,20,RelegationtotheFootballLeagueFirstDivision,2000-01,,,,,,,,,,,,,,,,,,,
TEAM,PLAYED,WIN,DRAW,LOST,GOAL_FOR,GOAL_AGAINST,GOAL_DIFF,POINTS,POSITION,QUALIFICATION_RELEGATION,SEASON,,,,,,,,,,,,,,,,,,,
ManchesterUnited,38,28,7,3,97,45,52,91,1,QualificationfortheChampionsLeaguefirstgroupstage,1999-00,,,,,,,,,,,,,,,,,,,
Arsenal,38,22,7,9,73,43,30,73,2,QualificationfortheChampionsLeaguefirstgroupstage,1999-00,,,,,,,,,,,,,,,,,,,
LeedsUnited,38,21,6,11,58,43,15,69,3,QualificationfortheChampionsLeaguethirdqualifyinground,1999-00,,,,,,,,,,,,,,,,,,,
Liverpool,38,19,10,9,51,30,21,67,4,QualificationfortheUEFACupfirstround,1999-00,,,,,,,,,,,,,,,,,,,
Chelsea,38,18,11,9,53,34,19,65,5,QualificationfortheUEFACupfirstround,1999-00,,,,,,,,,,,,,,,,,,,
AstonVilla,38,15,13,10,46,35,11,58,6,QualificationfortheIntertotoCupthirdround,1999-00,,,,,,,,,,,,,,,,,,,
Sunderland,38,16,10,12,57,56,1,58,7,,1999-00,,,,,,,,,,,,,,,,,,,
LeicesterCity,38,16,7,15,55,55,0,55,8,QualificationfortheUEFACupfirstround,1999-00,,,,,,,,,,,,,,,,,,,
WestHamUnited,38,15,10,13,52,53,?1,55,9,,1999-00,,,,,,,,,,,,,,,,,,,
TottenhamHotspur,38,15,8,15,57,49,8,53,10,,1999-00,,,,,,,,,,,,,,,,,,,
NewcastleUnited,38,14,10,14,63,54,9,52,11,,1999-00,,,,,,,,,,,,,,,,,,,
Middlesbrough,38,14,10,14,46,52,?6,52,12,,1999-00,,,,,,,,,,,,,,,,,,,
Everton,38,12,14,12,59,49,10,50,13,,1999-00,,,,,,,,,,,,,,,,,,,
CoventryCity,38,12,8,18,47,54,?7,44,14,,1999-00,,,,,,,,,,,,,,,,,,,
Southampton,38,12,8,18,45,62,?17,44,15,,1999-00,,,,,,,,,,,,,,,,,,,
DerbyCounty,38,9,11,18,44,57,?13,38,16,,1999-00,,,,,,,,,,,,,,,,,,,
BradfordCity,38,9,9,20,38,68,?30,36,17,QualificationfortheIntertotoCupsecondround,1999-00,,,,,,,,,,,,,,,,,,,
Wimbledon,38,7,12,19,46,74,?28,33,18,RelegationtotheFootballLeagueFirstDivision,1999-00,,,,,,,,,,,,,,,,,,,
SheffieldWednesday,38,8,7,23,38,70,?32,31,19,RelegationtotheFootballLeagueFirstDivision,1999-00,,,,,,,,,,,,,,,,,,,
Watford,38,6,6,26,35,77,?42,24,20,RelegationtotheFootballLeagueFirstDivision,1999-00,,,,,,,,,,,,,,,,,,,
TEAM,PLAYED,WIN,DRAW,LOST,GOAL_FOR,GOAL_AGAINST,GOAL_DIFF,POINTS,POSITION,QUALIFICATION_RELEGATION,SEASON,,,,,,,,,,,,,,,,,,,
ManchesterUnited,38,22,13,3,80,37,43,79,1,QualificationfortheChampionsLeaguefirstgroupstage,1998-99,,,,,,,,,,,,,,,,,,,
Arsenal,38,22,12,4,59,17,42,78,2,QualificationfortheChampionsLeaguefirstgroupstage,1998-99,,,,,,,,,,,,,,,,,,,
Chelsea,38,20,15,3,57,30,27,75,3,QualificationfortheChampionsLeaguethirdqualifyinground,1998-99,,,,,,,,,,,,,,,,,,,
LeedsUnited,38,18,13,7,62,34,28,67,4,QualificationfortheUEFACupfirstround,1998-99,,,,,,,,,,,,,,,,,,,
WestHamUnited,38,16,9,13,46,53,?7,57,5,QualificationfortheIntertotoCupthirdround,1998-99,,,,,,,,,,,,,,,,,,,
AstonVilla,38,15,10,13,51,46,5,55,6,,1998-99,,,,,,,,,,,,,,,,,,,
Liverpool,38,15,9,14,68,49,19,54,7,,1998-99,,,,,,,,,,,,,,,,,,,
DerbyCounty,38,13,13,12,40,45,?5,52,8,,1998-99,,,,,,,,,,,,,,,,,,,
Middlesbrough,38,12,15,11,48,54,?6,51,9,,1998-99,,,,,,,,,,,,,,,,,,,
LeicesterCity,38,12,13,13,40,46,?6,49,10,,1998-99,,,,,,,,,,,,,,,,,,,
TottenhamHotspur,38,11,14,13,47,50,?3,47,11,QualificationfortheUEFACupfirstround,1998-99,,,,,,,,,,,,,,,,,,,
SheffieldWednesday,38,13,7,18,41,42,?1,46,12,,1998-99,,,,,,,,,,,,,,,,,,,
NewcastleUnited,38,11,13,14,48,54,?6,46,13,QualificationfortheUEFACupfirstround,1998-99,,,,,,,,,,,,,,,,,,,
Everton,38,11,10,17,42,47,?5,43,14,,1998-99,,,,,,,,,,,,,,,,,,,
CoventryCity,38,11,9,18,39,51,?12,42,15,,1998-99,,,,,,,,,,,,,,,,,,,
Wimbledon,38,10,12,16,40,63,?23,42,16,,1998-99,,,,,,,,,,,,,,,,,,,
Southampton,38,11,8,19,37,64,?27,41,17,,1998-99,,,,,,,,,,,,,,,,,,,
CharltonAthletic,38,8,12,18,41,56,?15,36,18,RelegationtoFootballLeagueFirstDivision,1998-99,,,,,,,,,,,,,,,,,,,
BlackburnRovers,38,7,14,17,38,52,?14,35,19,RelegationtoFootballLeagueFirstDivision,1998-99,,,,,,,,,,,,,,,,,,,
NottinghamForest,38,7,9,22,35,69,?34,30,20,RelegationtoFootballLeagueFirstDivision,1998-99,,,,,,,,,,,,,,,,,,,
TEAM,PLAYED,WIN,DRAW,LOST,GOAL_FOR,GOAL_AGAINST,GOAL_DIFF,POINTS,POSITION,QUALIFICATION_RELEGATION,SEASON,,,,,,,,,,,,,,,,,,,
Arsenal,38,23,9,6,68,33,35,78,1,QualificationfortheChampionsLeaguegroupstage,1997-98,,,,,,,,,,,,,,,,,,,
ManchesterUnited,38,23,8,7,73,26,47,77,2,QualificationfortheChampionsLeaguesecondqualifyinground,1997-98,,,,,,,,,,,,,,,,,,,
Liverpool,38,18,11,9,68,42,26,65,3,QualificationfortheUEFACupfirstround,1997-98,,,,,,,,,,,,,,,,,,,
Chelsea,38,20,3,15,71,43,28,63,4,QualificationfortheCupWinners'Cupfirstround,1997-98,,,,,,,,,,,,,,,,,,,
LeedsUnited,38,17,8,13,57,46,11,59,5,QualificationfortheUEFACupfirstround,1997-98,,,,,,,,,,,,,,,,,,,
BlackburnRovers,38,16,10,12,57,52,5,58,6,QualificationfortheUEFACupfirstround,1997-98,,,,,,,,,,,,,,,,,,,
AstonVilla,38,17,6,15,49,48,1,57,7,QualificationfortheUEFACupfirstround,1997-98,,,,,,,,,,,,,,,,,,,
WestHamUnited,38,16,8,14,56,57,?1,56,8,,1997-98,,,,,,,,,,,,,,,,,,,
DerbyCounty,38,16,7,15,52,49,3,55,9,,1997-98,,,,,,,,,,,,,,,,,,,
LeicesterCity,38,13,14,11,51,41,10,53,10,,1997-98,,,,,,,,,,,,,,,,,,,
CoventryCity,38,12,16,10,46,44,2,52,11,,1997-98,,,,,,,,,,,,,,,,,,,
Southampton,38,14,6,18,50,55,?5,48,12,,1997-98,,,,,,,,,,,,,,,,,,,
NewcastleUnited,38,11,11,16,35,44,?9,44,13,QualificationfortheCupWinners'Cupfirstround,1997-98,,,,,,,,,,,,,,,,,,,
TottenhamHotspur,38,11,11,16,44,56,?12,44,14,,1997-98,,,,,,,,,,,,,,,,,,,
Wimbledon,38,10,14,14,34,46,?12,44,15,,1997-98,,,,,,,,,,,,,,,,,,,
SheffieldWednesday,38,12,8,18,52,67,?15,44,16,,1997-98,,,,,,,,,,,,,,,,,,,
Everton,38,9,13,16,41,56,?15,40,17,,1997-98,,,,,,,,,,,,,,,,,,,
BoltonWanderers,38,9,13,16,41,61,?20,40,18,RelegationtotheFootballLeagueFirstDivision,1997-98,,,,,,,,,,,,,,,,,,,
Barnsley,38,10,5,23,37,82,?45,35,19,RelegationtotheFootballLeagueFirstDivision,1997-98,,,,,,,,,,,,,,,,,,,
CrystalPalace,38,8,9,21,37,71,?34,33,20,QualificationfortheIntertotoCupthirdround[a]RelegationtotheFootballLeagueFirstDivision,1997-98,,,,,,,,,,,,,,,,,,,
TEAM,PLAYED,WIN,DRAW,LOST,GOAL_FOR,GOAL_AGAINST,GOAL_DIFF,POINTS,POSITION,QUALIFICATION_RELEGATION,SEASON,,,,,,,,,,,,,,,,,,,
ManchesterUnited,38,21,12,5,76,44,32,75,1,QualificationfortheChampionsLeaguegroupstage,1996-97,,,,,,,,,,,,,,,,,,,
NewcastleUnited,38,19,11,8,73,40,33,68,2,QualificationfortheChampionsLeaguesecondqualifyinground,1996-97,,,,,,,,,,,,,,,,,,,
Arsenal,38,19,11,8,62,32,30,68,3,QualificationfortheUEFACupfirstround,1996-97,,,,,,,,,,,,,,,,,,,
Liverpool,38,19,11,8,62,37,25,68,4,QualificationfortheUEFACupfirstround,1996-97,,,,,,,,,,,,,,,,,,,
AstonVilla,38,17,10,11,47,34,13,61,5,QualificationfortheUEFACupfirstround,1996-97,,,,,,,,,,,,,,,,,,,
Chelsea,38,16,11,11,58,55,3,59,6,QualificationfortheCupWinners'Cupfirstround,1996-97,,,,,,,,,,,,,,,,,,,
SheffieldWednesday,38,14,15,9,50,51,?1,57,7,,1996-97,,,,,,,,,,,,,,,,,,,
Wimbledon,38,15,11,12,49,46,3,56,8,,1996-97,,,,,,,,,,,,,,,,,,,
LeicesterCity,38,12,11,15,46,54,?8,47,9,QualificationfortheUEFACupfirstround,1996-97,,,,,,,,,,,,,,,,,,,
TottenhamHotspur,38,13,7,18,44,51,?7,46,10,,1996-97,,,,,,,,,,,,,,,,,,,
LeedsUnited,38,11,13,14,28,38,?10,46,11,,1996-97,,,,,,,,,,,,,,,,,,,
DerbyCounty,38,11,13,14,45,58,?13,46,12,,1996-97,,,,,,,,,,,,,,,,,,,
BlackburnRovers,38,9,15,14,42,43,?1,42,13,,1996-97,,,,,,,,,,,,,,,,,,,
WestHamUnited,38,10,12,16,39,48,?9,42,14,,1996-97,,,,,,,,,,,,,,,,,,,
Everton,38,10,12,16,44,57,?13,42,15,,1996-97,,,,,,,,,,,,,,,,,,,
Southampton,38,10,11,17,50,56,?6,41,16,,1996-97,,,,,,,,,,,,,,,,,,,
CoventryCity,38,9,14,15,38,54,?16,41,17,,1996-97,,,,,,,,,,,,,,,,,,,
Sunderland,38,10,10,18,35,53,?18,40,18,RelegationtotheFootballLeagueFirstDivision,1996-97,,,,,,,,,,,,,,,,,,,
Middlesbrough,38,10,12,16,51,60,?9,39,19,RelegationtotheFootballLeagueFirstDivision,1996-97,,,,,,,,,,,,,,,,,,,
NottinghamForest,38,6,16,16,31,59,?28,34,20,RelegationtotheFootballLeagueFirstDivision,1996-97,,,,,,,,,,,,,,,,,,,
TEAM,PLAYED,WIN,DRAW,LOST,GOAL_FOR,GOAL_AGAINST,GOAL_DIFF,POINTS,POSITION,QUALIFICATION_RELEGATION,SEASON,,,,,,,,,,,,,,,,,,,
ManchesterUnited,38,25,7,6,73,35,38,82,1,QualificationfortheChampionsLeaguegroupstage,1995-96,,,,,,,,,,,,,,,,,,,
NewcastleUnited,38,24,6,8,66,37,29,78,2,QualificationfortheUEFACupfirstround,1995-96,,,,,,,,,,,,,,,,,,,
Liverpool,38,20,11,7,70,34,36,71,3,QualificationfortheCupWinners'Cupfirstround,1995-96,,,,,,,,,,,,,,,,,,,
AstonVilla,38,18,9,11,52,35,17,63,4,QualificationfortheUEFACupfirstround,1995-96,,,,,,,,,,,,,,,,,,,
Arsenal,38,17,12,9,49,32,17,63,5,QualificationfortheUEFACupfirstround,1995-96,,,,,,,,,,,,,,,,,,,
Everton,38,17,10,11,64,44,20,61,6,ExcludedfromtheUEFACup,1995-96,,,,,,,,,,,,,,,,,,,
BlackburnRovers,38,18,7,13,61,47,14,61,7,,1995-96,,,,,,,,,,,,,,,,,,,
TottenhamHotspur,38,16,13,9,50,38,12,61,8,,1995-96,,,,,,,,,,,,,,,,,,,
NottinghamForest,38,15,13,10,50,54,?4,58,9,,1995-96,,,,,,,,,,,,,,,,,,,
WestHamUnited,38,14,9,15,43,52,?9,51,10,,1995-96,,,,,,,,,,,,,,,,,,,
Chelsea,38,12,14,12,46,44,2,50,11,,1995-96,,,,,,,,,,,,,,,,,,,
Middlesbrough,38,11,10,17,35,50,?15,43,12,,1995-96,,,,,,,,,,,,,,,,,,,
LeedsUnited,38,12,7,19,40,57,?17,43,13,,1995-96,,,,,,,,,,,,,,,,,,,
Wimbledon,38,10,11,17,55,70,?15,41,14,,1995-96,,,,,,,,,,,,,,,,,,,
SheffieldWednesday,38,10,10,18,48,61,?13,40,15,,1995-96,,,,,,,,,,,,,,,,,,,
CoventryCity,38,8,14,16,42,60,?18,38,16,,1995-96,,,,,,,,,,,,,,,,,,,
Southampton,38,9,11,18,34,52,?18,38,17,,1995-96,,,,,,,,,,,,,,,,,,,
ManchesterCity,38,9,11,18,33,58,?25,38,18,RelegationtotheFootballLeagueFirstDivision,1995-96,,,,,,,,,,,,,,,,,,,
QueensParkRangers,38,9,6,23,38,57,?19,33,19,RelegationtotheFootballLeagueFirstDivision,1995-96,,,,,,,,,,,,,,,,,,,
BoltonWanderers,38,8,5,25,39,71,?32,29,20,RelegationtotheFootballLeagueFirstDivision,1995-96,,,,,,,,,,,,,,,,,,,
TEAM,PLAYED,WIN,DRAW,LOST,GOAL_FOR,GOAL_AGAINST,GOAL_DIFF,POINTS,POSITION,QUALIFICATION_RELEGATION,SEASON,,,,,,,,,,,,,,,,,,,
BlackburnRovers,42,27,8,7,80,39,41,89,1,QualificationfortheChampionsLeaguegroupstage,1994-95,,,,,,,,,,,,,,,,,,,
ManchesterUnited,42,26,10,6,77,28,49,88,2,QualificationfortheUEFACupfirstround,1994-95,,,,,,,,,,,,,,,,,,,
NottinghamForest,42,22,11,9,72,43,29,77,3,QualificationfortheUEFACupfirstround,1994-95,,,,,,,,,,,,,,,,,,,
Liverpool,42,21,11,10,65,37,28,74,4,QualificationfortheUEFACupfirstround,1994-95,,,,,,,,,,,,,,,,,,,
LeedsUnited,42,20,13,9,59,38,21,73,5,QualificationfortheUEFACupfirstround,1994-95,,,,,,,,,,,,,,,,,,,
NewcastleUnited,42,20,12,10,67,47,20,72,6,,1994-95,,,,,,,,,,,,,,,,,,,
TottenhamHotspur,42,16,14,12,66,58,8,62,7,,1994-95,,,,,,,,,,,,,,,,,,,
QueensParkRangers,42,17,9,16,61,59,2,60,8,,1994-95,,,,,,,,,,,,,,,,,,,
Wimbledon,42,15,11,16,48,65,?17,56,9,,1994-95,,,,,,,,,,,,,,,,,,,
Southampton,42,12,18,12,61,63,?2,54,10,,1994-95,,,,,,,,,,,,,,,,,,,
Chelsea,42,13,15,14,50,55,?5,54,11,,1994-95,,,,,,,,,,,,,,,,,,,
Arsenal,42,13,12,17,52,49,3,51,12,,1994-95,,,,,,,,,,,,,,,,,,,
SheffieldWednesday,42,13,12,17,49,57,?8,51,13,,1994-95,,,,,,,,,,,,,,,,,,,
WestHamUnited,42,13,11,18,44,48,?4,50,14,,1994-95,,,,,,,,,,,,,,,,,,,
Everton,42,11,17,14,44,51,?7,50,15,QualificationfortheCupWinners'Cupfirstround,1994-95,,,,,,,,,,,,,,,,,,,
CoventryCity,42,12,14,16,44,62,?18,50,16,,1994-95,,,,,,,,,,,,,,,,,,,
ManchesterCity,42,12,13,17,53,64,?11,49,17,,1994-95,,,,,,,,,,,,,,,,,,,
AstonVilla,42,11,15,16,51,56,?5,48,18,,1994-95,,,,,,,,,,,,,,,,,,,
CrystalPalace,42,11,12,19,34,49,?15,45,19,RelegationtotheFootballLeagueFirstDivision,1994-95,,,,,,,,,,,,,,,,,,,
NorwichCity,42,10,13,19,37,54,?17,43,20,RelegationtotheFootballLeagueFirstDivision,1994-95,,,,,,,,,,,,,,,,,,,
LeicesterCity,42,6,11,25,45,80,?35,29,21,RelegationtotheFootballLeagueFirstDivision,1994-95,,,,,,,,,,,,,,,,,,,
IpswichTown,42,7,6,29,36,93,?57,27,22,RelegationtotheFootballLeagueFirstDivision,1994-95,,,,,,,,,,,,,,,,,,,
TEAM,PLAYED,WIN,DRAW,LOST,GOAL_FOR,GOAL_AGAINST,GOAL_DIFF,POINTS,POSITION,QUALIFICATION_RELEGATION,SEASON,,,,,,,,,,,,,,,,,,,
ManchesterUnited,42,27,11,4,80,38,42,92,1,QualificationfortheChampionsLeaguegroupstage,1993-94,,,,,,,,,,,,,,,,,,,
BlackburnRovers,42,25,9,8,63,36,27,84,2,QualificationfortheUEFACupfirstround,1993-94,,,,,,,,,,,,,,,,,,,
NewcastleUnited,42,23,8,11,82,41,41,77,3,QualificationfortheUEFACupfirstround,1993-94,,,,,,,,,,,,,,,,,,,
Arsenal,42,18,17,7,53,28,25,71,4,QualificationfortheCupWinners'Cupfirstround,1993-94,,,,,,,,,,,,,,,,,,,
LeedsUnited,42,18,16,8,65,39,26,70,5,,1993-94,,,,,,,,,,,,,,,,,,,
Wimbledon,42,18,11,13,56,53,3,65,6,,1993-94,,,,,,,,,,,,,,,,,,,
SheffieldWednesday,42,16,16,10,76,54,22,64,7,,1993-94,,,,,,,,,,,,,,,,,,,
Liverpool,42,17,9,16,59,55,4,60,8,,1993-94,,,,,,,,,,,,,,,,,,,
QueensParkRangers,42,16,12,14,62,61,1,60,9,,1993-94,,,,,,,,,,,,,,,,,,,
AstonVilla,42,15,12,15,46,50,?4,57,10,QualificationfortheUEFACupfirstround,1993-94,,,,,,,,,,,,,,,,,,,
CoventryCity,42,14,14,14,43,45,?2,56,11,,1993-94,,,,,,,,,,,,,,,,,,,
NorwichCity,42,12,17,13,65,61,4,53,12,,1993-94,,,,,,,,,,,,,,,,,,,
WestHamUnited,42,13,13,16,47,58,?11,52,13,,1993-94,,,,,,,,,,,,,,,,,,,
Chelsea,42,13,12,17,49,53,?4,51,14,QualificationfortheCupWinners'Cupfirstround,1993-94,,,,,,,,,,,,,,,,,,,
TottenhamHotspur,42,11,12,19,54,59,?5,45,15,,1993-94,,,,,,,,,,,,,,,,,,,
ManchesterCity,42,9,18,15,38,49,?11,45,16,,1993-94,,,,,,,,,,,,,,,,,,,
Everton,42,12,8,22,42,63,?21,44,17,,1993-94,,,,,,,,,,,,,,,,,,,
Southampton,42,12,7,23,49,66,?17,43,18,,1993-94,,,,,,,,,,,,,,,,,,,
IpswichTown,42,9,16,17,35,58,?23,43,19,,1993-94,,,,,,,,,,,,,,,,,,,
SheffieldUnited,42,8,18,16,42,60,?18,42,20,RelegationtotheFootballLeagueFirstDivision,1993-94,,,,,,,,,,,,,,,,,,,
OldhamAthletic,42,9,13,20,42,68,?26,40,21,RelegationtotheFootballLeagueFirstDivision,1993-94,,,,,,,,,,,,,,,,,,,
SwindonTown,42,5,15,22,47,100,?53,30,22,RelegationtotheFootballLeagueFirstDivision,1993-94,,,,,,,,,,,,,,,,,,,
TEAM,PLAYED,WIN,DRAW,LOST,GOAL_FOR,GOAL_AGAINST,GOAL_DIFF,POINTS,POSITION,QUALIFICATION_RELEGATION,SEASON,,,,,,,,,,,,,,,,,,,
ManchesterUnited,42,24,12,6,67,31,36,84,1,QualificationfortheChampionsLeaguefirstround,1992-93,,,,,,,,,,,,,,,,,,,
AstonVilla,42,21,11,10,57,40,17,74,2,QualificationfortheUEFACupfirstround,1992-93,,,,,,,,,,,,,,,,,,,
NorwichCity,42,21,9,12,61,65,?4,72,3,QualificationfortheUEFACupfirstround,1992-93,,,,,,,,,,,,,,,,,,,
BlackburnRovers,42,20,11,11,68,46,22,71,4,,1992-93,,,,,,,,,,,,,,,,,,,
QueensParkRangers,42,17,12,13,63,55,8,63,5,,1992-93,,,,,,,,,,,,,,,,,,,
Liverpool,42,16,11,15,62,55,7,59,6,,1992-93,,,,,,,,,,,,,,,,,,,
SheffieldWednesday,42,15,14,13,55,51,4,59,7,,1992-93,,,,,,,,,,,,,,,,,,,
TottenhamHotspur,42,16,11,15,60,66,?6,59,8,,1992-93,,,,,,,,,,,,,,,,,,,
ManchesterCity,42,15,12,15,56,51,5,57,9,,1992-93,,,,,,,,,,,,,,,,,,,
Arsenal,42,15,11,16,40,38,2,56,10,QualificationfortheCupWinners'Cupfirstround,1992-93,,,,,,,,,,,,,,,,,,,
Chelsea,42,14,14,14,51,54,?3,56,11,,1992-93,,,,,,,,,,,,,,,,,,,
Wimbledon,42,14,12,16,56,55,1,54,12,,1992-93,,,,,,,,,,,,,,,,,,,
Everton,42,15,8,19,53,55,?2,53,13,,1992-93,,,,,,,,,,,,,,,,,,,
SheffieldUnited,42,14,10,18,54,53,1,52,14,,1992-93,,,,,,,,,,,,,,,,,,,
CoventryCity,42,13,13,16,52,57,?5,52,15,,1992-93,,,,,,,,,,,,,,,,,,,
IpswichTown,42,12,16,14,50,55,?5,52,16,,1992-93,,,,,,,,,,,,,,,,,,,
LeedsUnited,42,12,15,15,57,62,?5,51,17,,1992-93,,,,,,,,,,,,,,,,,,,
Southampton,42,13,11,18,54,61,?7,50,18,,1992-93,,,,,,,,,,,,,,,,,,,
OldhamAthletic,42,13,10,19,63,74,?11,49,19,,1992-93,,,,,,,,,,,,,,,,,,,
CrystalPalace,42,11,16,15,48,61,?13,49,20,RelegationtotheFootballLeagueFirstDivision,1992-93,,,,,,,,,,,,,,,,,,,
Middlesbrough,42,11,11,20,54,75,?21,44,21,RelegationtotheFootballLeagueFirstDivision,1992-93,,,,,,,,,,,,,,,,,,,
NottinghamForest,42,10,10,22,41,62,?21,40,22,RelegationtotheFootballLeagueFirstDivision,1992-93,,,,,,,,,,,,,,,,,,,
